日期,进口商名称(标准),进口商名称(原始),出口商名称(标准),出口商名称(原始),海关编码,产品(英文),产品描述,千克重量,数量,数量单位,美元总价,重量美元单价,数量美元单价,原产国,目的国,起运港,目的港,数据源,进/出口,运输方式,成交方式
2026-03-22,GENERAL CABLE PERU S A C,GENERAL CABLE PERU S.A.C.,COBRE CERRILLOS S A COCESA,COBRE CERRILLOS S A COCESA,8544491090,CONDUCTOR,"CONDUCTORES ELECTRICOS, PRYSMIAN, S/M EN CARRETES / CODIGO: 20473556 - PRODUCTO TERMINADO CONDUCTORES ELECTRICOS PARA INSTALACIONES INDUSTRIALES, COMERCIALES Y DOMICILIARIAS INTERI EVA GREEN-90 4 MM2 750V R100 NE 70% CONDUCTOR DE COBRE, 30% COMPUESTO LIBRE DE HALOGENOS [LSZH] / INFERIOR O IGUAL A 1000V",1535.94,1535.94,KGS,18415.09,11.9895,0.5755,Chile,Peru,SAN ANTONIO,,peru,imports,SEA,FOB
2026-03-22,GENERAL CABLE PERU S A C,GENERAL CABLE PERU S.A.C.,COBRE CERRILLOS S A COCESA,COBRE CERRILLOS S A COCESA,8544491090,CONDUCTOR,"CONDUCTORES ELECTRICOS, PRYSMIAN, S/M EN CARRETES / CODIGO: 20473543 - PRODUCTO TERMINADO CONDUCTORES ELECTRICOS PARA INSTALACIONES INDUSTRIALES, COMERCIALES Y DOMICILIARIAS INTERI EVA GREEN-90 4 MM2 750V R100 RO 70% CONDUCTOR DE COBRE, 30% COMPUESTO LIBRE DE HALOGENOS [LSZH] / INFERIOR O IGUAL A 1000V",1920.04,1920.04,KGS,23037.21,11.9983,0.5759,Chile,Peru,SAN ANTONIO,,peru,imports,SEA,FOB
2026-03-22,GENERAL CABLE PERU S A C,GENERAL CABLE PERU S.A.C.,COBRE CERRILLOS S A COCESA,COBRE CERRILLOS S A COCESA,8544491090,CONDUCTOR,"CONDUCTORES ELECTRICOS, PRYSMIAN, S/M EN CARRETES / CODIGO: 20323161 - PRODUCTO TERMINADO CONDUCTORES ELECTRICOS PARA LA INDUSTRIA Y MINERIA XTMU/EVA 3X4/0+1X4 AWG 600V I14113821 79% CONDUCTOR DE COBRE, 21% COMPUESTO LIBRE DE HALOGENOS [LSZH] / INFERIOR O IGUAL A 1000V",2088.45,2088.45,KGS,26576.78,12.7256,50.6224,Chile,Peru,SAN ANTONIO,,peru,imports,SEA,FOB
2026-03-22,GENERAL CABLE PERU S A C,GENERAL CABLE PERU S.A.C.,COBRE CERRILLOS S A COCESA,COBRE CERRILLOS S A COCESA,8544491090,-,"CONDUCTORES ELECTRICOS, PRYSMIAN, S/M EN CARRETES / CODIGO: 20348343 - PRODUCTO TERMINADO CONDUCTORES ELECTRICOS PARA LA INDUSTRIA Y MINERIA XTMU/EVA 3X2+1X6 AWG 600V NE I14109638 69% CONDUCTOR DE COBRE, 31% COMPUESTO LIBRE DE HALOGENOS [LSZH] / INFERIOR O IGUAL A 1000V",807.37,807.37,KGS,9777.44,12.1102,17.8747,Chile,Peru,SAN ANTONIO,,peru,imports,SEA,FOB
2026-03-22,GENERAL CABLE PERU S A C,GENERAL CABLE PERU S.A.C.,COBRE CERRILLOS S A COCESA,COBRE CERRILLOS S A COCESA,8544491090,CONDUCTOR,"CONDUCTORES ELECTRICOS, PRYSMIAN, S/M EN CARRETES / CODIGO: 20473552 - PRODUCTO TERMINADO CONDUCTORES ELECTRICOS PARA INSTALACIONES INDUSTRIALES, COMERCIALES Y DOMICILIARIAS INTERI EVA GREEN-90 2,5 MM2 750V R100 BL 64% CONDUCTOR DE COBRE, 36% COMPUESTO LIBRE DE HALOGENOS [LSZH] / INFERIOR O IGUAL A 1000V",1298.48,1298.48,KGS,14547.9,11.2038,0.3637,Chile,Peru,SAN ANTONIO,,peru,imports,SEA,FOB
2026-03-22,GENERAL CABLE PERU S A C,GENERAL CABLE PERU S.A.C.,COBRE CERRILLOS S A COCESA,COBRE CERRILLOS S A COCESA,8544491090,CONDUCTOR,"CONDUCTORES ELECTRICOS, PRYSMIAN, S/M EN CARRETES / CODIGO: 20473557 - PRODUCTO TERMINADO CONDUCTORES ELECTRICOS PARA INSTALACIONES INDUSTRIALES, COMERCIALES Y DOMICILIARIAS INTERI EVA GREEN-90 2,5 MM2 750V R100 AV 64% CONDUCTOR DE COBRE, 36% COMPUESTO LIBRE DE HALOGENOS [LSZH] / INFERIOR O IGUAL A 1000V",615.76,615.76,KGS,7051.62,11.4519,0.3711,Chile,Peru,SAN ANTONIO,,peru,imports,SEA,FOB
2026-03-22,GENERAL CABLE PERU S A C,GENERAL CABLE PERU S.A.C.,COBRE CERRILLOS S A COCESA,COBRE CERRILLOS S A COCESA,8544491090,CONDUCTOR,"CONDUCTORES ELECTRICOS, PRYSMIAN, S/M EN CARRETES / CODIGO: 20473551 - PRODUCTO TERMINADO CONDUCTORES ELECTRICOS PARA INSTALACIONES INDUSTRIALES, COMERCIALES Y DOMICILIARIAS INTERI EVA GREEN-90 2,5 MM2 750V R100 AZ 64% CONDUCTOR DE COBRE, 36% COMPUESTO LIBRE DE HALOGENOS [LSZH] / INFERIOR O IGUAL A 1000V",1298.48,1298.48,KGS,14547.92,11.2038,0.3637,Chile,Peru,SAN ANTONIO,,peru,imports,SEA,FOB
2026-03-22,GENERAL CABLE PERU S A C,GENERAL CABLE PERU S.A.C.,COBRE CERRILLOS S A COCESA,COBRE CERRILLOS S A COCESA,8544491090,CONDUCTOR,"CONDUCTORES ELECTRICOS, PRYSMIAN, S/M EN CARRETES / CODIGO: 20387761 - PRODUCTO TERMINADO CONDUCTORES ELECTRICOS PARA LA INDUSTRIA Y MINERIA XTMU/EVA 3X2/0+1X6 AWG 600V I14109639 80% CONDUCTOR DE COBRE, 20% COMPUESTO LIBRE DE HALOGENOS [LSZH] / INFERIOR O IGUAL A 1000V",2439.54,2439.54,KGS,32299.6,13.24,31.9482,Chile,Peru,SAN ANTONIO,,peru,imports,SEA,FOB
2026-03-22,IMPORTACIONES EVERLIGTH E I R L,IMPORTACIONES EVERLIGTH E.I.R.L.,WENZHOU KASAN ELECTRIC CO LTD,WENZHOU KASAN ELECTRIC CO LTD,8544499090,-,"CABLE DE TERMOCUPLA, S/M, S/M CABLE DE TERMOCUPLA TEMPERATURE WIRK X 100MTRS CABLE DE TERMOCUPLA",92.59,92.59,KGS,362.44,3.9145,18.122,China,Peru,NINGBO LISHE INTERNATIONAL APT,,peru,imports,SEA,FOB
2026-03-22,GENERAL CABLE PERU S A C,GENERAL CABLE PERU S.A.C.,COBRE CERRILLOS S A COCESA,COBRE CERRILLOS S A COCESA,8544491090,-,"CONDUCTORES ELECTRICOS, PRYSMIAN, S/M EN CARRETES / CODIGO: 20473556 - PRODUCTO TERMINADO CONDUCTOR ELECTRICO PARA INSTALACIONES INDUSTRIALES, COMERCIALES Y DOMICILIARIAS INTERIORE EVA GREEN-90 4 MM2 750V R100 NE 70% CONDUCTOR DE COBRE, 30% COMPUESTO LIBRE DE HALOGENOS [LSZH] / INFERIOR O IGUAL A 1000V",383.98,383.98,KGS,4604.11,11.9905,0.5755,Chile,Peru,SAN ANTONIO,,peru,imports,SEA,FOB
2026-03-21,INDUSTRIAL SPECIALIZED SUPPLIERS E I R L,INDUSTRIAL SPECIALIZED SUPPLIERS E.I.R.L,MARLEW SA,MARLEW SA,8544491090,CABLE FUEGAR BLOCK,"CABLE FUEGAR BLOCK,MARLEW,#RP-A 3X1.5+PE1.5, CLASE 5 [IEC 60228]; BLINDAJE GENERAL: DRENAJE CUSN + CINTA DE ALUMINIO/POLIESTER CUBIERTA EXTERIOR LSZH / NARANJA / 0.6/1KV / IEC 60502-1 / IEC 60331-21 FUEGAR BLOCK / AISLACION: MICA+XLPE / 90?C / 3X1.5+PE1.5MM2; CONDUCTORES DE COBRE ELECTROL CON OFICIO N? 00154-2026-PRODUCE/DOPIF",110.94,110.94,KGS,2217.79,19.9909,3.0932,Argentina,Peru,BUENOS AIRES,,peru,imports,SEA,FOB
2026-03-21,INDUSTRIAL SPECIALIZED SUPPLIERS E I R L,INDUSTRIAL SPECIALIZED SUPPLIERS E.I.R.L,MARLEW SA,MARLEW SA,8544491090,CABLE FUEGAR BLOCK,"CABLE FUEGAR BLOCK,MARLEW,#RM-A 12X1.5, CLASE 5 [IEC 60228] / BLINDAJE GENERAL: DRENAJE CUSN + CINTA DE ALUMINIO/POLIESTER CUBIERTA EXTERIOR LSZH / NARANJA / 0.6/1KV / IEC 60502-1 / IEC 60332-3-24 / IEC 60331-21 FUEGAR BLOCK / AISLACION: MICA+XLPE / 90?C / 12X1.5MM2 / CONDUCTORES DE COBRE ELECTROLITIC CON OFICIO N? 03295-2025-PRODUCE/DOPIF",235.7,235.7,KGS,4711.92,19.9912,6.4283,Argentina,Peru,BUENOS AIRES,,peru,imports,SEA,FOB
2026-03-21,INDUSTRIAL SPECIALIZED SUPPLIERS E I R L,INDUSTRIAL SPECIALIZED SUPPLIERS E.I.R.L,MARLEW SA,MARLEW SA,8544491090,CABLE FUEGAR BLOCK,"CABLE FUEGAR BLOCK,MARLEW,#RP 3X35+B16, CLASE 5 [IEC 60228] / BLINDAJE: CINTAS Y/O ALAMBRES DE COBRE / CUBIERTA EXTERIOR LSZH NARANJA / 0.6/1KV / IEC 60502-1 / IEC 60331-21 FUEGAR BLOCK / AISLACION: MICA+XLPE / 90?C / 3X35+B16MM2 / CONDUCTORES DE COBRE ELECTROLIT CON OFICIO N? 00494-2026-PRODUCE/DOPIF",391.95,391.95,KGS,7835.54,19.9912,36.4444,Argentina,Peru,BUENOS AIRES,,peru,imports,SEA,FOB
2026-03-21,INDUSTRIAL SPECIALIZED SUPPLIERS E I R L,INDUSTRIAL SPECIALIZED SUPPLIERS E.I.R.L,MARLEW SA,MARLEW SA,8544491090,-,"CABLE FUEGAR BLOCK,MARLEW,#RP-A 3X2.5+PE2.5, CLASE 5 [IEC 60228] / BLINDAJE GENERAL: DRENAJE CUSN + CINTA DE ALUMINIO/POLIESTER CUBIERTA EXTERIOR LSZH / NARANJA / 0.6/1KV / IEC 60502-1 / IEC 60331-21 FUEGAR BLOCK / AISLACION: MICA+XLPE / 90?C / 3X2.5+PE2.5MM2 / CONDUCTORES DE COBRE ELECTRO CON OFICIO N? 00494-2026-PRODUCE/DOPIF",142.34,142.34,KGS,2845.58,19.9914,4.524,Argentina,Peru,BUENOS AIRES,,peru,imports,SEA,FOB
2026-03-21,ANIXTER PERU S A C,ANIXTER PERU S.A.C.,ANIXTER INC,ANIXTER INC,8544491090,-,"CABLE DE COBRE, SOUTHWIRE, SOOW 4AX-1203-05-MT 12-3C TYPE SOOW YELLOW JACKET 600V 105C UL/CSA/MSHA/ROHS",38.45,38.45,KGS,3083.83,80.2036,5.0555,United States,Peru,MIAMI,,peru,imports,AIR,FOB
2026-03-21,INDUSTRIAL SPECIALIZED SUPPLIERS E I R L,INDUSTRIAL SPECIALIZED SUPPLIERS E.I.R.L,MARLEW SA,MARLEW SA,8544491090,-,"CABLE FUEGAR BLOCK,MARLEW,#RP 3X95+B50, CLASE 5 [IEC 60228] / BLINDAJE: CINTAS Y/O ALAMBRES DE COBRE / CUBIERTA EXTERIOR LSZH NARANJA / 0.6/1KV / IEC 60502-1 / IEC 60331-21 FUEGAR BLOCK / AISLACION: MICA+XLPE / 90?C / 3X95+B50MM2 / CONDUCTORES DE COBRE ELECTROLIT CON OFICIO N? 00494-2026-PRODUCE/DOPIF",621.06,621.06,KGS,12415.48,19.9908,75.2453,Argentina,Peru,BUENOS AIRES,,peru,imports,SEA,FOB
2026-03-21,KOMATSU MITSUI MAQUINARIAS PERU S A,KOMATSU-MITSUI MAQUINARIAS PERU S.A.,KOMATSU AMERICA CORPORATION,KOMATSU AMERICA CORPORATION,8544491090,ELECTRIC CABLE,"CABLE, S/M, S/M COBRE Y POLIETILENO CABLE ELECTRICO PARA CONEXION DE COMPONENTES DE GABINETE DE CONTRON 1000V NO TIENE CONECTO PALA ELECTROMECANICA CABLE PH2022 #4/0 5/15 FT",28.04,28.04,KGS,4838.47,172.556,32.2565,United States,Peru,MIAMI,,peru,imports,AIR,FOB
2026-03-21,CIENTIFICA ANDINA S A C,CIENTIFICA ANDINA S.A.C.,PERKIN ELMER HEALTH SCIENCES,PERKIN ELMER HEALTH SCIENCES,8544499090,-,"CABLE ASSY - SENSOR DE BRAZO DEL QUEMADOR TUCSON, PERKIN ELMER, S/M CABLE ASSY - SENSOR DE BRAZO DEL QUEMADOR TUCSON CODIGO: N3160285 CABLE ASSY-TUCSON BURNER ARM SENSOR MEDIO DE PAGO: CREDITO A 60 DIAS DESDE FECHA DE FACTURA COMERCIAL",0.27,0.27,KGS,72.86,269.8519,72.86,Singapore,Peru,MIAMI,,peru,imports,AIR,FOB
2026-03-21,SERVICIOS DUBAI S A C,SERVICIOS DUBAI S.A.C.,TAIZHOU GUTEN MACHINERY PARTS CO LTD,"TAIZHOU GUTEN MACHINERY PARTS CO.,LTD",8544499090,CABLE,"CABLE FOTOVOLTAICO NEGRO 6MM2, OEM, PV CODIGO: ENERC0030001 CABLE DE FUERZA CABLE FOTOVOLTAICO NEGRO 6MM2 JEBE /METAL",41.25,41.25,KGS,204.34,4.9537,68.1133,China,Peru,SHANGHAI HONGQIAO INTERNATIONAL APT,,peru,imports,SEA,FOB
2026-03-21,CIENTIFICA ANDINA S A C,CIENTIFICA ANDINA S.A.C.,PERKIN ELMER HEALTH SCIENCES,PERKIN ELMER HEALTH SCIENCES,8544499090,CABLE ASSY MONGOOSE DRAIN TO BURNER,"CABLE MONGOOSE DRENAJE AL QUEMADOR, PERKIN ELMER, S/M CABLE MONGOOSE DRENAJE AL QUEMADOR CODIGO: N3180609 CABLE ASSY- MONGOOSE DRAIN TO BURNER MEDIO DE PAGO: CREDITO A 60 DIAS DESDE FECHA DE FACTURA COMERCIAL",0.22,0.22,KGS,61.31,278.6818,61.31,Singapore,Peru,MIAMI,,peru,imports,AIR,FOB
2026-03-21,SERVICIOS DUBAI S A C,SERVICIOS DUBAI S.A.C.,TAIZHOU GUTEN MACHINERY PARTS CO LTD,"TAIZHOU GUTEN MACHINERY PARTS CO.,LTD",8544499090,CABLE,"CABLE FOTOVOLTAICO ROJO 6MM2, OEM, PV CODIGO: ENERC0030002 CABLE DE FUERZA CABLE FOTOVOLTAICO ROJO 6MM2 JEBE /METAL",41.25,41.25,KGS,204.34,4.9537,68.1133,China,Peru,SHANGHAI HONGQIAO INTERNATIONAL APT,,peru,imports,SEA,FOB
2026-03-21,XYLEM WATER SOLUTIONS PERU S A,XYLEM WATER SOLUTIONS PERU S.A.,XYLEM WATER SOLUTIONS ARGENTINA S A,XYLEM WATER SOLUTIONS ARGENTINA S A,8544491090,-,"CABLE ELECTRICO SUMERGIBLE, FLYGT, S/M PART NUMBER: 941984 TRANSPORTAR LA ENERGIA ELECTRICA CABLE SUBCAB 4G35+S[2X0.5]",775.0,775.0,KGS,17738.85,22.8888,59.1295,Germany,Peru,MINISTRO PISTARINI APT/BUENOS AIRES,,peru,imports,AIR,FOB
2026-03-21,ANIXTER PERU S A C,ANIXTER PERU S.A.C.,ANIXTER INC,ANIXTER INC,8544491090,-,"CABLE UTP CATERGORIA 5E, BELDEN, 1700A F2VU1000 CM-00424CAX-6UB 24-4P UTP-CM SOL BC CAT5E PO/PVC GRAY 1000FT RLX BONDED-PAIR",27.97,27.97,KGS,2334.21,83.4541,233.421,Mexico,Peru,MIAMI,,peru,imports,AIR,FOB
2026-03-21,ANIXTER PERU S A C,ANIXTER PERU S.A.C.,ANIXTER INC,ANIXTER INC,8544491090,CONTROL CABLE,"CABLE DE CONTROL MATERIAL COBRE, LIBERTY AV, LUTRON-P-YEL LUTRON-P-YEL LIBAV P/N LUTRON-P-YEL LUTRON KEYPAD CNTRL CMP WH/YL 1000FT SPOOL",47.03,47.03,KGS,4022.62,85.5331,236.6247,"Taiwan, China",Peru,MIAMI,,peru,imports,AIR,FOB
2026-03-20,IMPORTADORA VARGAS GARCIA SRL,IMPORTADORA VARGAS GARCIA SRL.,JINGSU E COMMERCE LTD 628 CHENGXIN AVE S N ZHENJIANG CHINA 86 57185022088 INFO JINGSUECOMMERCELTD COM,"JINGSU E-COMMERCE LTD, 628 CHENGXIN AVE, S/N, ZHENJIANG, CHINA, (86)57185022088,  info@jingsuecommerceltd.com",8544499000,CABLE,CABLE FLEX,0.02,0.02,,10.58,529.0,529.0,Colombia,Bolivia,,,bolivia,imports,AIR,EXW
2026-03-20,IMPORTADORA VARGAS GARCIA SRL,IMPORTADORA VARGAS GARCIA SRL.,JINGSU E COMMERCE LTD 628 CHENGXIN AVE S N ZHENJIANG CHINA 86 57185022088 INFO JINGSUECOMMERCELTD COM,"JINGSU E-COMMERCE LTD, 628 CHENGXIN AVE, S/N, ZHENJIANG, CHINA, (86)57185022088,  info@jingsuecommerceltd.com",8544499000,CABLE,CABLE,0.15,0.15,,1.06,7.0667,7.0667,Colombia,Bolivia,,,bolivia,imports,AIR,EXW
2026-03-20,CERAMICA GLADYMAR S A,CERAMICA GLADYMAR S.A.,BARBIERI AND TAROZZI IBERICA S L P I SUPOI Nº8 PARCELA M5 B1 APTDO ALMAZORA ESPAÑA 964 562311 INFO BT IBERICA NET,"BARBIERI & TAROZZI IBERICA S.L., P.I. SUPOI Nº8 PARCELA, M5-B1 APTDO, ALMAZORA, ESPAÑA, (964)562311,  info@bt-iberica.net",8544499000,-,CABLE DE COLLEGAMENTO,0.03,0.03,,162.18,5406.0,5406.0,,Bolivia,,,bolivia,imports,MULTIMODEL,EXW
2026-03-20,TORRES CASTILLO FELIX MAURICIO,TORRES CASTILLO FELIX MAURICIO,GUANGDONG JINYIN LIGHTING DECORATION CO LTD,GUANGDONG JINYIN LIGHTING DECORATION CO LTD,8544491019,POWER UP AND DOWN PENDANT TRACK,E20 Power up and down pendant track 3M E20 Power up and down pendant track 3M E20 Power up and down pendant track 3M SIN MARCA SIN MODELO,0.25,0.26,KGS,22.43,89.72,86.2692,China,Ecuador,CNSHK-,,ecuador,imports,SEA,
2026-03-20,CURIMINING S A,CURIMINING S. A,BEIJING XINCHANG HUAQIANG INDUSTRY,BEIJING XINCHANG HUAQIANG INDUSTRY,8544499000,CABLE,CABLE CABLE CABLE SM SM,674.35,2004.0,KGS,4889.76,7.2511,2.44,China,Ecuador,CNSHA-,,ecuador,imports,SEA,
2026-03-20,INTCOMEX DEL ECUADOR S A,INTCOMEX DEL ECUADOR S.A.,INTCOMEX,INTCOMEX,8544499000,DATA CABLE,CABLE DE DATOS Xtech UTP Cbl CAT5e 1000ft Gray XTC-220 24 AWG EQUIPOS DE COMPUTO XTECH XTC-220,1.64,2.0,KGS,48.69,29.689,24.345,China,Ecuador,PAMIT-,,ecuador,imports,SEA,
2026-03-20,CURIMINING S A,CURIMINING S. A,BEIJING XINCHANG HUAQIANG INDUSTRY,BEIJING XINCHANG HUAQIANG INDUSTRY,8544499000,CABLE,CABLE CABLE CABLE SM SM,676.44,245.0,KGS,4904.9,7.251,20.02,China,Ecuador,CNSHA-,,ecuador,imports,SEA,
2026-03-20,CURIMINING S A,CURIMINING S. A,BEIJING XINCHANG HUAQIANG INDUSTRY,BEIJING XINCHANG HUAQIANG INDUSTRY,8544499000,CABLE,CABLE CABLE CABLE SM SM,28.52,49.0,KGS,206.78,7.2504,4.22,China,Ecuador,CNSHA-,,ecuador,imports,SEA,
2026-03-20,TORRES CASTILLO FELIX MAURICIO,TORRES CASTILLO FELIX MAURICIO,GUANGDONG JINYIN LIGHTING DECORATION CO LTD,GUANGDONG JINYIN LIGHTING DECORATION CO LTD,8544491019,RECESSED TRACK,MG-Track Recessed DC48V MG-Track Recessed DC48V MG-Track Recessed DC48V SIN MARCA SIN MODELO,30.49,30.55,KGS,1559.8,51.1578,51.0573,China,Ecuador,CNSHK-,,ecuador,imports,SEA,
2026-03-20,TORRES CASTILLO FELIX MAURICIO,TORRES CASTILLO FELIX MAURICIO,GUANGDONG JINYIN LIGHTING DECORATION CO LTD,GUANGDONG JINYIN LIGHTING DECORATION CO LTD,8544491019,ROUND MAGNETIC TRACK,Round Magnetic Track DC24V Round Magnetic Track DC24V Round Magnetic Track DC24V SIN MARCA SIN MODELO,5.08,5.09,KGS,181.4,35.7087,35.6385,China,Ecuador,CNSHK-,,ecuador,imports,SEA,
2026-03-20,INTCOMEX DEL ECUADOR S A,INTCOMEX DEL ECUADOR S.A.,INTCOMEX,INTCOMEX,8544499000,DATA CABLE,CABLE DE DATOS Nexxt Enterprise Cat6A F UTP Cable 4P 23AWG LSZH 305m GR EQUIPOS DE COMPUTO NEXXT NAB-UTP6AFGR,12.32,15.0,KGS,2190.83,177.8271,146.0553,China,Ecuador,PAMIT-,,ecuador,imports,SEA,
2026-03-20,INTCOMEX DEL ECUADOR S A,INTCOMEX DEL ECUADOR S.A.,INTCOMEX,INTCOMEX,8544499000,DATA CABLE,CABLE DE DATOS Nexxt Professional Cat6 UTP Cable 4P 24AWG CM 305m GR EQUIPOS DE COMPUTO NEXXT AB356NXT31,11.5,14.0,KGS,1277.9,111.1217,91.2786,China,Ecuador,PAMIT-,,ecuador,imports,SEA,
2026-03-20,HALLIBURTON LATIN AMERICA S R L,HALLIBURTON LATIN AMERICA S.R.L.,HALLIBURTON ENERGY SERVICE INC,HALLIBURTON ENERGY SERVICE INC,8544499000,CABLE,"CABLE CBL,MLD,DRAD,SPEC CABLE HALLIBURTON 100034806",2.04,2.18,KGS,386.14,189.2843,177.1284,Mexico,Ecuador,MIA-MIAMI (MIA)-MIAMI INTERNATIONAL AIRPORT,,ecuador,imports,AIR,
2026-03-20,TORRES CASTILLO FELIX MAURICIO,TORRES CASTILLO FELIX MAURICIO,GUANGDONG JINYIN LIGHTING DECORATION CO LTD,GUANGDONG JINYIN LIGHTING DECORATION CO LTD,8544491019,MG-TRACK SURFACE,MG-Track surface DC48V MG-Track surface DC48V MG-Track surface DC48V SIN MARCA SIN MODELO,8.13,8.15,KGS,481.76,59.2571,59.1117,China,Ecuador,CNSHK-,,ecuador,imports,SEA,
2026-03-20,TORRES CASTILLO FELIX MAURICIO,TORRES CASTILLO FELIX MAURICIO,GUANGDONG JINYIN LIGHTING DECORATION CO LTD,GUANGDONG JINYIN LIGHTING DECORATION CO LTD,8544491019,TRACK TRIMLESS,MG-TRACK TRIMLESS DC24V MG-TRACK TRIMLESS DC24V MG-TRACK TRIMLESS DC24V SIN MARCA SIN MODELO,15.25,15.27,KGS,508.42,33.339,33.2954,China,Ecuador,CNSHK-,,ecuador,imports,SEA,
2026-03-20,INTCOMEX DEL ECUADOR S A,INTCOMEX DEL ECUADOR S.A.,INTCOMEX,INTCOMEX,8544499000,DATA CABLE,CABLE DE DATOS Nexxt Enterprise Cat6 UTP Cable 4P 23AWG CM 305m GR EQUIPOS DE COMPUTO NEXXT AB356NXT01,47.65,58.0,KGS,6359.39,133.4604,109.6447,China,Ecuador,PAMIT-,,ecuador,imports,SEA,
2026-03-20,CURIMINING S A,CURIMINING S. A,BEIJING XINCHANG HUAQIANG INDUSTRY,BEIJING XINCHANG HUAQIANG INDUSTRY,8544499000,CABLE,CABLE CABLE CABLE SM SM,355.55,283.0,KGS,2578.13,7.2511,9.11,China,Ecuador,CNSHA-,,ecuador,imports,SEA,
2026-03-20,INTCOMEX DEL ECUADOR S A,INTCOMEX DEL ECUADOR S.A.,INTCOMEX,INTCOMEX,8544499000,DATA CABLE,CABLE DE DATOS Nexxt Professional Cat5e UTP Cable 4P 24AWG CM 305m GR EQUIPOS DE COMPUTO NEXXT AB355NXT31,3.29,4.0,KGS,300.06,91.2036,75.015,China,Ecuador,PAMIT-,,ecuador,imports,SEA,
2026-03-20,TORRES CASTILLO FELIX MAURICIO,TORRES CASTILLO FELIX MAURICIO,GUANGDONG JINYIN LIGHTING DECORATION CO LTD,GUANGDONG JINYIN LIGHTING DECORATION CO LTD,8544491019,SURFACE MAGNETIC TRACK,SURFACE MAGNETIC TRACK SURFACE MAGNETIC TRACK SURFACE MAGNETIC TRACK SIN MARCA SIN MODELO,15.25,15.27,KGS,313.44,20.5534,20.5265,China,Ecuador,CNSHK-,,ecuador,imports,SEA,
2026-03-20,TORRES CASTILLO FELIX MAURICIO,TORRES CASTILLO FELIX MAURICIO,GUANGDONG JINYIN LIGHTING DECORATION CO LTD,GUANGDONG JINYIN LIGHTING DECORATION CO LTD,8544491019,SURFACE MG-TRACK,SURFACE MG-TRACK DC24V SURFACE MG-TRACK DC24V SURFACE MG-TRACK DC24V SIN MARCA SIN MODELO,0.25,0.26,KGS,7.57,30.28,29.1154,China,Ecuador,CNSHK-,,ecuador,imports,SEA,
2026-03-20,INTCOMEX DEL ECUADOR S A,INTCOMEX DEL ECUADOR S.A.,INTCOMEX,INTCOMEX,8544499000,DATA CABLE,CABLE DE DATOS Nexxt Essential Cat5e UTP Cable 4P CMX Outdoor 305m Black EQUIPOS DE COMPUTO NEXXT AB355NXT17,3.29,4.0,KGS,327.15,99.4377,81.7875,China,Ecuador,PAMIT-,,ecuador,imports,SEA,
2026-03-20,INTCOMEX DEL ECUADOR S A,INTCOMEX DEL ECUADOR S.A.,INTCOMEX,INTCOMEX,8544499000,DATA CABLE,CABLE DE DATOS Nexxt Professional Cat6 UTP Cable 4P 24AWG CM 305m BL EQUIPOS DE COMPUTO NEXXT AB356NXT32,6.57,8.0,KGS,730.23,111.1461,91.2788,China,Ecuador,PAMIT-,,ecuador,imports,SEA,
2026-03-20,CURIMINING S A,CURIMINING S. A,BEIJING XINCHANG HUAQIANG INDUSTRY,BEIJING XINCHANG HUAQIANG INDUSTRY,8544499000,CABLE,CABLE CABLE CABLE SM SM,1249.5,165.0,KGS,9060.15,7.251,54.91,China,Ecuador,CNSHA-,,ecuador,imports,SEA,
2026-03-20,HALLIBURTON LATIN AMERICA S R L,HALLIBURTON LATIN AMERICA S.R.L.,HALLIBURTON ENERGY SERVICE INC,HALLIBURTON ENERGY SERVICE INC,8544499000,CABLE,"CABLE CBL ASSY,10-PIN TO SUBBUS,CAN-DB9F,RS485 CABLE HALLIBURTON 102786669",8.76,9.37,KGS,1831.57,209.0833,195.4717,United States,Ecuador,MIA-MIAMI (MIA)-MIAMI INTERNATIONAL AIRPORT,,ecuador,imports,AIR,
2026-03-20,TORRES CASTILLO FELIX MAURICIO,TORRES CASTILLO FELIX MAURICIO,GUANGDONG JINYIN LIGHTING DECORATION CO LTD,GUANGDONG JINYIN LIGHTING DECORATION CO LTD,8544491019,TRACK,SOFT TRACK 5 METER ROLL SOFT TRACK 5 METER ROLL SOFT TRACK 5 METER ROLL SIN MARCA SIN MODELO,7.62,7.64,KGS,585.54,76.8425,76.6414,China,Ecuador,CNSHK-,,ecuador,imports,SEA,
2026-03-20,IDEA IMPORT E I R L,IDEA IMPORT E.I.R.L.,HANGZHOU GRANDIX ELECTRONICS CO LTD,HANGZHOU GRANDIX ELECTRONICS CO LTD,8544499090,SNAKE CABLE,"SNAKE CABLE,S/M,SNP002-3, PLASTICO Y METAL CONEXION DE CABLE DE MICROFONO SNAKE CABLE",2.45,2.45,KGS,18.72,7.6408,18.72,China,Peru,NINGBO LISHE INTERNATIONAL APT,,peru,imports,SEA,FOB
2026-03-20,ROCKWELL AUTOMATION DE PERU S A,ROCKWELL AUTOMATION DE PERU S.A,ROCKWELL,ROCKWELL AUTOMATION,8544491090,SIDE JUMPER,"PUENTE LATERAL DE 4 POLOS, ALLEN BRADLEY, 1492-SJ8A-4 1492-SJ8A-4 1492-SJ8A-4 A IEC TERM BLCK 4 POLE SIDE JUMPER CREDITO 15 DIAS, FECHA DE FACTURA",0.18,0.18,KGS,29.66,164.7778,0.5932,Romania,Peru,CHICAGO,,peru,imports,AIR,FOB
2026-03-20,ANIXTER JORVEX S A C,ANIXTER JORVEX S.A.C.,SENATOR AS AGENT JORVEX SA,SENATOR AS AGENT JORVEX SA,8544491090,-,"CABLE ELECTRICO DE COBRE, GENERAL CABLE, MV-105 3FE-4041 COMERCIALIZADO EN MILLARES DE PIES CABLE ELECTRICO DE COBRE CREDITO A 30 DIAS DESDE FECHA DE FACTURA",123.08,123.08,KGS,4320.35,35.102,11369.3421,United States,Peru,MIAMI,,peru,imports,SEA,FOB
2026-03-20,HUAWEI DEL PERU SAC,HUAWEI DEL PERU SAC,HUAWEI INTERNATIONAL CO LIMITED,HUAWEI INTERNATIONAL CO LTD,8544491090,POWER CABLE,"CABLE DE PODER, YOURONG, UL2586-2X7AWG-D-BLACK [2 CORES: BLUE, BLACK]-SHIEL 25033534 PARA EQUIPOS DE TELECOMUNICACION CABLE DE PODER, DE COBRE SIN CONECTORES UL2586-2X7AWG-D-BLACK [2 CORES: BLUE, BLACK]-SHIELDED OUTDOOR CABLE-UL",189.99,189.99,KGS,13666.8,71.9343,4.7786,China,Peru,MANZANILLO,,peru,imports,SEA,FOB
2026-03-20,XYLEM WATER SOLUTIONS PERU S A,XYLEM WATER SOLUTIONS PERU S.A.,XYLEM EUROPE GMBH CO XYLEM,XYLEM EUROPE GMBH CO XYLEM,8544491090,MOTOR CABLE UNIT,"MOTOR CABLE UNIT, FLYGT, S/M PART NUMBER: 941996 TRANSPORTAR LA ENERGIA ELECTRICA CABLE SUBCAB S3X50 + 3X25/3 + S[4X0.5] 38-40MM COBRE",720.0,720.0,KGS,18855.31,26.1879,78.5638,Germany,Peru,MALMÃ AIRPORT,,peru,imports,AIR,FOB
2026-03-20,IDEA IMPORT E I R L,IDEA IMPORT E.I.R.L.,HANGZHOU GRANDIX ELECTRONICS CO LTD,HANGZHOU GRANDIX ELECTRONICS CO LTD,8544499090,AUDIO CABLE SNAKE CABLE,"SNAKE CABLE [AUDIO CABLE SIGNAL ADA,S/M,DUAL-DI20P, METAL ADAPTADOR DE SENAL DE AUDIO CABLE SNAKE CABLE [AUDIO CABLE SIGNAL ADAPTER]",1.41,1.41,KGS,10.76,7.6312,10.76,China,Peru,NINGBO LISHE INTERNATIONAL APT,,peru,imports,SEA,FOB
2026-03-20,ROCKWELL AUTOMATION DE PERU S A,ROCKWELL AUTOMATION DE PERU S.A,ROCKWELL,ROCKWELL AUTOMATION,8544491090,TERMINAL BLOCK,"BLOQUE DE TERMINALES IEC, ALLEN BRADLEY, 1492-SJFB8-10 1492-SJFB8-10 1492-SJFB8-10 C IEC TERM BLCK 10 POLE SIDE JUMPER",0.34,0.34,KGS,104.8,308.2353,10.48,United States,Peru,MIAMI,,peru,imports,AIR,FOB
2026-03-20,IMPORTADORA EXPORTADORA MEGATRONICS SOCI,IMPORTADORA EXPORTADORA MEGATRONICS SOCI,MAG TRADING CO LTDROOM 2902 NORTH TOWER YUEXIU CI,MAG TRADING CO LTDROOM 2902 NORTH TOWER YUEXIU CI,8544499090,POWER CABLE,"CABLE DE ALIMENTACION, S/M, S/M PVC CABLE DE ALIMENTACION CABLE DE ALIMENTACION",1.61,1.61,KGS,5.73,3.559,0.573,China,Peru,SHEKOU PT,,peru,imports,SEA,FOB
2026-03-20,INGRAM MICRO S A C,INGRAM MICRO S.A.C.,JAS AS AGENT FOR INGRAM MICRO SAC,JAS AS AGENT FOR INGRAM MICRO SAC,8544491010,SWITCH STACK KIT,"C9300L-STACK-KIT2, CISCO, C9300L-STACK-KIT2 INCLUYE 2 CONECTORES Y UN CABLE COMERCIAL CAJA C9300L-STACK-KIT2 - KIT DE STACK PARA SWITCH 9300L",15.18,15.18,KGS,10568.54,696.2148,440.3558,Mexico,Peru,MIAMI,,peru,imports,SEA,FOB
2026-03-20,SONO VIDEO EMPRESA INDIVIDUAL DE RESPONS,SONO VIDEO EMPRESA INDIVIDUAL DE RESPONS,GLOBAL FORTUNE INTENATIONAL GROUP LIMITED,GLOBAL FORTUNE INTENATIONAL GROUP LIMITED,8544491090,-,"KIT DMX 10M, S/M, SV 10D KIT DMX 10M REPUESTO DE APARATO DE ILUMINACION DMX KIT DMX 10M",267.85,267.85,KGS,1824.26,6.8108,3.6485,China,Peru,SHEKOU PT,,peru,imports,SEA,FOB
2026-03-20,APPLE GLASS PERUANA S A C,APPLE GLASS PERUANA S.A.C,MC CASTANHO IMP E EXP LTDA,MC CASTANHO IMP E EXP LTDA,8544499090,-,"SENSOR DE TEMPERATURA,S/M,S/M, COD: 92020332 DE 24V",0.32,0.32,KGS,103.95,324.8438,10.395,Brazil,Peru,RIO GRANDE,,peru,imports,SEA,FOB
2026-03-20,SONO VIDEO EMPRESA INDIVIDUAL DE RESPONS,SONO VIDEO EMPRESA INDIVIDUAL DE RESPONS,GLOBAL FORTUNE INTENATIONAL GROUP LIMITED,GLOBAL FORTUNE INTENATIONAL GROUP LIMITED,8544491090,-,"KIT DMX 2M, S/M, SV 2D KIT DMX 2M REPUESTO DE APARATO DE ILUMINACION DMX KIT DMX 2M",91.84,91.84,KGS,625.46,6.8103,1.2509,China,Peru,SHEKOU PT,,peru,imports,SEA,FOB
2026-03-20,HUAWEI DEL PERU SAC,HUAWEI DEL PERU SAC,HUAWEI INTERNATIONAL CO LIMITED,HUAWEI INTERNATIONAL CO LTD,8544491090,-,"CABLE DE PODER, PANYU, H07Z-K UL3386 25MM^2 BLACK 25030638 PARA EQUIPOS DE TELECOMUNICACION CABLE DE PODER [DE MATERIAL COBRE, SIN CONECTORES] H07Z-K UL3386 25MM^2 BLACK",7.29,7.29,KGS,528.67,72.5199,5.2867,China,Peru,MANZANILLO,,peru,imports,SEA,FOB
2026-03-20,ANIXTER JORVEX S A C,ANIXTER JORVEX S.A.C.,SENATOR AS AGENT JORVEX SA,SENATOR AS AGENT JORVEX SA,8544491090,ELECTRIC CABLE,"CABLE ELECTRICO, SERVICE WIRE, TRAY CABLE XHHW-2 6-3C STR BC XLP/PVC TRAY CBL XHHW-2 CDRS XLP #8 GRD PVC JKT600V 90C UL TC-ER M4 3H-0603 CABLE ELECTRICO CREDITO A 30 DIAS DESDE FECHA DE FACTURA",209.45,209.45,KGS,7352.41,35.1034,3297.0448,United States,Peru,MIAMI,,peru,imports,SEA,FOB
2026-03-20,IDEA IMPORT E I R L,IDEA IMPORT E.I.R.L.,HANGZHOU GRANDIX ELECTRONICS CO LTD,HANGZHOU GRANDIX ELECTRONICS CO LTD,8544499090,SNAKE CABLE,"SNAKE CABLE,S/M,SNP003-4, PLASTICO Y METAL CONEXION DE CABLE DE MICROFONO SNAKE CABLE",5.09,5.09,KGS,38.91,7.6444,38.91,China,Peru,NINGBO LISHE INTERNATIONAL APT,,peru,imports,SEA,FOB
2026-03-20,HUAWEI DEL PERU SAC,HUAWEI DEL PERU SAC,HUAWEI INTERNATIONAL CO LIMITED,HUAWEI INTERNATIONAL CO LTD,8544491090,-,"CABLE DE PODER, BCC, BCC60227IEC02[RV] 16MM^2 YELLOW/GREEN 25030429 PARA EQUIPOS DE TELECOMUNICACION CABLE DE PODER, DE COBRE SIN CONECTORES BCC60227IEC02[RV] 16MM^2 YELLOW/GREEN",1.51,1.51,KGS,108.75,72.0199,3.0208,China,Peru,MANZANILLO,,peru,imports,SEA,FOB
2026-03-20,SONO VIDEO EMPRESA INDIVIDUAL DE RESPONS,SONO VIDEO EMPRESA INDIVIDUAL DE RESPONS,GLOBAL FORTUNE INTENATIONAL GROUP LIMITED,GLOBAL FORTUNE INTENATIONAL GROUP LIMITED,8544491090,DMX KIT,"KIT DMX 5M, S/M, SV 5D KIT DMX 5M REPUESTO DE APARATO DE ILUMINACION DMX KIT DMX 5M",145.41,145.41,KGS,990.31,6.8105,1.9806,China,Peru,SHEKOU PT,,peru,imports,SEA,FOB
2026-03-20,HUAWEI DEL PERU SAC,HUAWEI DEL PERU SAC,HUAWEI INTERNATIONAL CO LIMITED,HUAWEI INTERNATIONAL CO LTD,8544491090,POWER CABLE,"CABLE DE PODER, DE COBRE SIN CONECTORES, SHANGSHANG, UL 2586-2X10AWG [BLACK, BLUE] CABLE DE PODER, DE COBRE SIN CONECTORES 0006042601069GIRD0022H POWER CABLE,600V,UL2586-2X10AWG,BLACK[2CORES:BLUE,BLACK],D,SHIELDING OUTDOOR CABLE,UL [UNI 25033328",728.57,728.57,KGS,40424.56,55.4848,2.6248,China,Peru,MANZANILLO,,peru,imports,SEA,FOB
2026-03-20,HUAWEI DEL PERU SAC,HUAWEI DEL PERU SAC,HUAWEI INTERNATIONAL CO LIMITED,HUAWEI INTERNATIONAL CO LTD,8544491090,-,"CABLE DE PODER, DE COBRE SIN CONECTORES, YOURONG, 60227IEC02[RV] 35MM^2 RED CABLE DE PODER, DE COBRE SIN CONECTORES 0TH6042601150SIRD0057H POWER CABLE,450V/750V,60227 IEC 02[RV],35MM^2,RED,138A,CCC,CE [UNIT:METER] 25030418",12.81,12.81,KGS,700.97,54.7205,8.7621,China,Peru,MANZANILLO,,peru,imports,SEA,FOB
2026-03-20,SONO VIDEO EMPRESA INDIVIDUAL DE RESPONS,SONO VIDEO EMPRESA INDIVIDUAL DE RESPONS,GLOBAL FORTUNE INTENATIONAL GROUP LIMITED,GLOBAL FORTUNE INTENATIONAL GROUP LIMITED,8544491090,-,"KIT DMX 20M, S/M, SV 20D KIT DMX 20M REPUESTO DE APARATO DE ILUMINACION DMX KIT DMX 20M",497.44,497.44,KGS,3387.93,6.8107,6.7759,China,Peru,SHEKOU PT,,peru,imports,SEA,FOB
2026-03-20,HUAWEI DEL PERU SAC,HUAWEI DEL PERU SAC,HUAWEI INTERNATIONAL CO LIMITED,HUAWEI INTERNATIONAL CO LTD,8544491090,-,"CABLE DE PODER, PANYU, 60227IEC02[RV] 6MM^2 YELLOW/GREEN 25030191 PARA EQUIPOS DE TELECOMUNICACION CABLE DE PODER, DE COBRE SIN CONECTORES 60227IEC02[RV] 6MM^2 YELLOW/GREEN",0.03,0.03,KGS,2.26,75.3333,1.13,China,Peru,MANZANILLO,,peru,imports,SEA,FOB
2026-03-20,HUAWEI DEL PERU SAC,HUAWEI DEL PERU SAC,HUAWEI INTERNATIONAL CO LIMITED,HUAWEI INTERNATIONAL CO LTD,8544491090,POWER CABLE,"CABLE DE PODER, DE COBRE SIN CONECTORES, YOURONG, 60227IEC02[RV] 35MM^2 YELLOW/GREEN CABLE DE PODER, DE COBRE SIN CONECTORES 0TH6042601150SIRD0051H, 0TH6042601150SIRD0072H POWER CABLE,450V/750V,60227 IEC 02[RV],35MM^2,YELLOW/GREEN,138A,CCC,CE [UNIT:METER] 25030419",9.43,9.43,KGS,516.14,54.7338,8.6023,China,Peru,MANZANILLO,,peru,imports,SEA,FOB
2026-03-20,HUAWEI DEL PERU SAC,HUAWEI DEL PERU SAC,HUAWEI INTERNATIONAL CO LIMITED,HUAWEI INTERNATIONAL CO LTD,8544491090,-,"CABLE DE PODER, PANYU, H07Z-K UL3386 25MM^2 BLACK 25030638 PARA EQUIPOS DE TELECOMUNICACION CABLE DE PODER [DE MATERIAL COBRE, SIN CONECTORES] H07Z-K UL3386 25MM^2 BLACK",3.57,3.57,KGS,256.89,71.958,5.2427,China,Peru,MANZANILLO,,peru,imports,SEA,FOB
2026-03-20,HUAWEI DEL PERU SAC,HUAWEI DEL PERU SAC,HUAWEI INTERNATIONAL CO LIMITED,HUAWEI INTERNATIONAL CO LTD,8544491090,POWER CABLE,"CABLE DE PODER [DE MATERIAL COBRE, SIN CONECTORES], PANYU, H07Z-K UL3386 25MM^2 BLACK CABLE DE PODER [DE MATERIAL COBRE, SIN CONECTORES] 0TH6042510001IIRD0087H POWER CABLE,450V/750V,H07Z-K UL3386,25MM^2,BLACK,138A,LSZH CABLE,VDE,UL [UNIT:METER] 25030638",2.4,2.4,KGS,132.74,55.3083,5.3096,China,Peru,MANZANILLO,,peru,imports,SEA,FOB
2026-03-20,MANUFACTURAS ELECTRICAS S A,MANUFACTURAS ELECTRICAS S A,ANIXTER INC,ANIXTER INC,8544491090,CABLE CAT6E,"CABLE, U.S.A. WIRE & CABLE, 23-04CAT6CCS APLICACION REDES DE ETHERNET INFORME N? 00280-2026-PRODUCE/DOPIF-EDIAZM CABLE ELECTRICO PARA TRANSMISION DE DATOS CAT6E, CON CONDUCTOR DE COBRE SOLIDO Y ARMADURA U.C.= MF",56.32,56.32,KGS,1729.87,30.715,5242.0303,United States,Peru,MIAMI,,peru,imports,SEA,FOB
2026-03-20,HUAWEI DEL PERU SAC,HUAWEI DEL PERU SAC,HUAWEI INTERNATIONAL CO LIMITED,HUAWEI INTERNATIONAL CO LTD,8544491090,POWER CABLE,"CABLE DE PODER, DE COBRE SIN CONECTORES, NEXANS, 10265780 CABLE DE PODER, DE COBRE SIN CONECTORES 0TH6042601150SIRD0053H POWER CABLE,450V/750V,60227 IEC 02[RV],35MM^2,BLACK,138A,CCC,CE [UNIT:METER] 25030420",12.81,12.81,KGS,700.83,54.7096,8.7604,China,Peru,MANZANILLO,,peru,imports,SEA,FOB
2026-03-20,HUAWEI DEL PERU SAC,HUAWEI DEL PERU SAC,HUAWEI INTERNATIONAL CO LIMITED,HUAWEI INTERNATIONAL CO LTD,8544491090,-,"CABLE DE PODER, BCC, BCC60227IEC02[RV] 16MM^2 YELLOW/GREEN 25030429 PARA EQUIPOS DE TELECOMUNICACION CABLE DE PODER, DE COBRE SIN CONECTORES BCC60227IEC02[RV] 16MM^2 YELLOW/GREEN",61.52,61.52,KGS,4491.01,73.0008,2.994,China,Peru,MANZANILLO,,peru,imports,SEA,FOB
2026-03-19,MSIETEZ S R L,MSIETEZ S.R.L.,ELETRICA DANUBIO IND E COM DE MATERIAIS ELETRICOS LTDA RUA BARO DE PNEDO CUMBICA 319 GUARULHOS BRASIL 55 1133773333 CONTATO SIL COM BR,"ELETRICA DANUBIO IND. E COM.DE MATERIAIS ELETRICOS LTDA., RUA BARO DE PNEDO , CUMBICA, 319, ,  GUARULHOS, BRASIL, (55)1133773333, contato@sil.com.br",8544491000,SOLDING CABLE,CABLE DE SOLDADURA,257.41,257.41,,2460.27,9.5578,9.5578,Brazil,Bolivia,,,bolivia,imports,ROAD,FCA
2026-03-19,MSIETEZ S R L,MSIETEZ S.R.L.,ELETRICA DANUBIO IND E COM DE MATERIAIS ELETRICOS LTDA RUA BARO DE PNEDO CUMBICA 319 GUARULHOS BRASIL 55 1133773333 CONTATO SIL COM BR,"ELETRICA DANUBIO IND. E COM.DE MATERIAIS ELETRICOS LTDA., RUA BARO DE PNEDO , CUMBICA, 319, ,  GUARULHOS, BRASIL, (55)1133773333, contato@sil.com.br",8544491000,CABLE,CABLE FLEXSIL,237.8,237.8,,2272.93,9.5582,9.5582,Brazil,Bolivia,,,bolivia,imports,ROAD,FCA
2026-03-19,SANTIAGO FELIPE CASTRO,SANTIAGO FELIPE CASTRO,KAIROS IMPORTADORA Y EXPORTADORA SPA MANZANA 05 Nº 017 IQUIQUE CHILE 56 966303425 KAIROSSPA2022 GMAIL COM,"KAIROS IMPORTADORA Y EXPORTADORA SPA, MANZANA 05, Nº 017, IQUIQUE, CHILE, (56) 966303425,  KAIROSSPA2022@gmail.com",8544499000,EXTENSION CORD,ALARGADOR/CORRIENTE,14.45,40.0,,4.02,0.2782,0.1005,Chile,Bolivia,,,bolivia,imports,ROAD,FOB
2026-03-19,MSIETEZ S R L,MSIETEZ S.R.L.,ELETRICA DANUBIO IND E COM DE MATERIAIS ELETRICOS LTDA RUA BARO DE PNEDO CUMBICA 319 GUARULHOS BRASIL 55 1133773333 CONTATO SIL COM BR,"ELETRICA DANUBIO IND. E COM.DE MATERIAIS ELETRICOS LTDA., RUA BARO DE PNEDO , CUMBICA, 319, ,  GUARULHOS, BRASIL, (55)1133773333, contato@sil.com.br",8544491000,CABLE,CABLE FLEXSIL,8.94,8.94,,85.42,9.5548,9.5548,Brazil,Bolivia,,,bolivia,imports,ROAD,FCA
2026-03-19,MSIETEZ S R L,MSIETEZ S.R.L.,ELETRICA DANUBIO IND E COM DE MATERIAIS ELETRICOS LTDA RUA BARO DE PNEDO CUMBICA 319 GUARULHOS BRASIL 55 1133773333 CONTATO SIL COM BR,"ELETRICA DANUBIO IND. E COM.DE MATERIAIS ELETRICOS LTDA., RUA BARO DE PNEDO , CUMBICA, 319, ,  GUARULHOS, BRASIL, (55)1133773333, contato@sil.com.br",8544491000,SILFLEX CABLE,CABLE SILFLEX PP,13.5,13.5,,129.01,9.5563,9.5563,Brazil,Bolivia,,,bolivia,imports,ROAD,FCA
2026-03-19,MSIETEZ S R L,MSIETEZ S.R.L.,ELETRICA DANUBIO IND E COM DE MATERIAIS ELETRICOS LTDA RUA BARO DE PNEDO CUMBICA 319 GUARULHOS BRASIL 55 1133773333 CONTATO SIL COM BR,"ELETRICA DANUBIO IND. E COM.DE MATERIAIS ELETRICOS LTDA., RUA BARO DE PNEDO , CUMBICA, 319, ,  GUARULHOS, BRASIL, (55)1133773333, contato@sil.com.br",8544491000,SOLDING CABLE,CABLE DE SOLDADURA,19.34,19.34,,184.81,9.5558,9.5558,Brazil,Bolivia,,,bolivia,imports,ROAD,FCA
2026-03-19,MSIETEZ S R L,MSIETEZ S.R.L.,ELETRICA DANUBIO IND E COM DE MATERIAIS ELETRICOS LTDA RUA BARO DE PNEDO CUMBICA 319 GUARULHOS BRASIL 55 1133773333 CONTATO SIL COM BR,"ELETRICA DANUBIO IND. E COM.DE MATERIAIS ELETRICOS LTDA., RUA BARO DE PNEDO , CUMBICA, 319, ,  GUARULHOS, BRASIL, (55)1133773333, contato@sil.com.br",8544491000,CABLE,CABLE FLEXSIL,129.52,129.52,,1237.9,9.5576,9.5576,Brazil,Bolivia,,,bolivia,imports,ROAD,FCA
2026-03-19,MSIETEZ S R L,MSIETEZ S.R.L.,ELETRICA DANUBIO IND E COM DE MATERIAIS ELETRICOS LTDA RUA BARO DE PNEDO CUMBICA 319 GUARULHOS BRASIL 55 1133773333 CONTATO SIL COM BR,"ELETRICA DANUBIO IND. E COM.DE MATERIAIS ELETRICOS LTDA., RUA BARO DE PNEDO , CUMBICA, 319, ,  GUARULHOS, BRASIL, (55)1133773333, contato@sil.com.br",8544491000,CABLE,CABLE FLEXSIL,157.83,157.83,,1508.63,9.5586,9.5586,Brazil,Bolivia,,,bolivia,imports,ROAD,FCA
2026-03-19,MSIETEZ S R L,MSIETEZ S.R.L.,ELETRICA DANUBIO IND E COM DE MATERIAIS ELETRICOS LTDA RUA BARO DE PNEDO CUMBICA 319 GUARULHOS BRASIL 55 1133773333 CONTATO SIL COM BR,"ELETRICA DANUBIO IND. E COM.DE MATERIAIS ELETRICOS LTDA., RUA BARO DE PNEDO , CUMBICA, 319, ,  GUARULHOS, BRASIL, (55)1133773333, contato@sil.com.br",8544491000,SOLDING CABLE,CABLE DE SOLDADURA,86.64,86.64,,828.04,9.5572,9.5572,Brazil,Bolivia,,,bolivia,imports,ROAD,FCA
2026-03-19,MSIETEZ S R L,MSIETEZ S.R.L.,ELETRICA DANUBIO IND E COM DE MATERIAIS ELETRICOS LTDA RUA BARO DE PNEDO CUMBICA 319 GUARULHOS BRASIL 55 1133773333 CONTATO SIL COM BR,"ELETRICA DANUBIO IND. E COM.DE MATERIAIS ELETRICOS LTDA., RUA BARO DE PNEDO , CUMBICA, 319, ,  GUARULHOS, BRASIL, (55)1133773333, contato@sil.com.br",8544491000,SOLDING CABLE,CABLE DE SOLDADURA,91.64,91.64,,875.88,9.5578,9.5578,Brazil,Bolivia,,,bolivia,imports,ROAD,FCA
2026-03-19,QUANTUMBATTERIES S R L,QUANTUMBATTERIES S.R.L.,MEYA BEARING CO LIMITED YAU LEE CENTRE 45 KWUN TONG HONG KONG 86 15265512555 SALES2 MEYABEARING COM,"MEYA BEARING CO., LIMITED, YAU LEE CENTRE, 45, KWUN TONG, HONG KONG, (86)15265512555,  sales2@meyabearing.com",8544491000,-,ALAMBRE DE SILICONA,75.63,75.63,,1665.17,22.0173,22.0173,China,Bolivia,,,bolivia,imports,MULTIMODEL,CFR
2026-03-19,MSIETEZ S R L,MSIETEZ S.R.L.,ELETRICA DANUBIO IND E COM DE MATERIAIS ELETRICOS LTDA RUA BARO DE PNEDO CUMBICA 319 GUARULHOS BRASIL 55 1133773333 CONTATO SIL COM BR,"ELETRICA DANUBIO IND. E COM.DE MATERIAIS ELETRICOS LTDA., RUA BARO DE PNEDO , CUMBICA, 319, ,  GUARULHOS, BRASIL, (55)1133773333, contato@sil.com.br",8544491000,CABLE,CABLE FLEXSIL,39.88,39.88,,381.13,9.5569,9.5569,Brazil,Bolivia,,,bolivia,imports,ROAD,FCA
2026-03-19,TETRA PAK CIA LTDA,TETRA PAK CIA.LTDA.,TETRA PAK TECHNICAL SERVICES,TETRA PAK TECHNICAL SERVICES,8544499000,INDUCTOR,INDUCTOR REPUESTO REPUESTO TETRA PAK 3502645-0000,12.14,8.0,KGS,3339.71,275.0997,417.4638,Sweden,Ecuador,MEX-MEXICO CITY-JUAREZ INTERNATIONAL AIRPORT,,ecuador,imports,AIR,
2026-03-19,FLANDERS DREDGING CORPORATION NV,FLANDERS DREDGING CORPORATION NV,CRYSTAL OFFSHORE PTE LTD,CRYSTAL OFFSHORE PTE LTD,8544499000,ELECTRIC CABLE,CABLE ELECTRICO - 3X35MM2 0.6/1KV MARINEFLEX YOZP:16191::BLACK CABLE ELECTRICO - 3X35MM2 0.6/1KV MARINEFLEX YOZP:16191::BLACK CABLE ELECTRICO - 3X35MM2 0.6/1KV MARINEFLEX YOZP:16191::BLACK SIN MARCA 2002011762 - 2,116.0,116.0,KGS,4225.23,36.4244,36.4244,Singapore,Ecuador,SIN-SINGAPORE-CHANGI AIRPORT,,ecuador,imports,AIR,
2026-03-19,ALH TECNOLOGIA S A S,ALH TECNOLOGIA S.A.S.,SUZHOU LIANHENG ENVIRONMENTAL PROTECTION TECHNOLOGY CO LTD,SUZHOU LIANHENG ENVIRONMENTAL PROTECTION TECHNOLOGY CO.LTD.,8544499000,CABLE,CABLE CABLE PRODUCTO TERMINADO SIN MARCA SIN MODELO,300.0,300.0,KGS,648.15,2.1605,2.1605,China,Ecuador,CNSHA-,,ecuador,imports,SEA,
2026-03-19,ECUACORRIENTE S A,ECUACORRIENTE S.A,JIANGSU HEHAI WATER SUPPLY AND DRAINAGE COMPLETE EQUIPMENT CO LTD,JIANGSU HEHAI WATER SUPPLY AND DRAINAGE COMPLETE EQUIPMENT CO LTD,8544491090,COPPER CORE WIRE,Copper Core Wire Copper Core Wire Cable con nucleo de cobre SM BVR 10,150.0,150.0,KGS,19.08,0.1272,0.1272,China,Ecuador,CNSHA-,,ecuador,imports,SEA,
2026-03-19,ALH TECNOLOGIA S A S,ALH TECNOLOGIA S.A.S.,SUZHOU LIANHENG ENVIRONMENTAL PROTECTION TECHNOLOGY CO LTD,SUZHOU LIANHENG ENVIRONMENTAL PROTECTION TECHNOLOGY CO.LTD.,8544499000,CABLE,CABLE CABLE PRODUCTO TERMINADO SIN MARCA SIN MODELO,200.0,200.0,KGS,580.31,2.9015,2.9015,China,Ecuador,CNSHA-,,ecuador,imports,SEA,
2026-03-19,ALH TECNOLOGIA S A S,ALH TECNOLOGIA S.A.S.,SUZHOU LIANHENG ENVIRONMENTAL PROTECTION TECHNOLOGY CO LTD,SUZHOU LIANHENG ENVIRONMENTAL PROTECTION TECHNOLOGY CO.LTD.,8544499000,CABLE,CABLE CABLE PRODUCTO TERMINADO SIN MARCA SIN MODELO,270.0,270.0,KGS,845.42,3.1312,3.1312,China,Ecuador,CNSHA-,,ecuador,imports,SEA,
2026-03-19,GENERAL CABLE PERU S A C,GENERAL CABLE PERU S.A.C.,COBRE CERRILLOS S A COCESA,COBRE CERRILLOS S A COCESA,8544491090,-,"CONDUCTORES ELECTRICOS, PRYSMIAN, S/M CODIGO: 20322091 CONDUCTORES ELECTRICOS PARA CIRCUITOS DE ALIMENTACION Y DISTRIBUCION DE SUBESTACIONES, IN EXZHELLENT RZ1-K 240 MM2 0,6/1KV NE 81% CONDUCTOR DE COBRE 19% COMPUESTO LIBRE DE HALOGENOS [LSZH]",2925.67,2925.67,KGS,37517.1,12.8234,31.2122,Chile,Peru,SAN ANTONIO,,peru,imports,SEA,FOB
2026-03-19,GENERAL CABLE PERU S A C,GENERAL CABLE PERU S.A.C.,COBRE CERRILLOS S A,COBRE CERRILLOS SA,8544491090,CONDUCTOR,"CONDUCTORES ELECTRICOS, PRYSMIAN GROUP, S/M EN CARRETES / CODIGO: 20397954 - PRODUCTO TERMINADO CONDUCTORES ELECTRICOS PARA LA INDUSTRIA Y MINERIA SECTORFLEX GREEN 3X70+1G35MM2 1KVNE 78% CONDUCTOR DE COBRE, 22% COMPUESTO LIBRE DE HALOGENOS [LSZH] / INFERIOR O IGUAL A 1000V",3984.47,3984.47,KGS,54606.62,13.7049,35.4819,Chile,Peru,SAN ANTONIO,,peru,imports,SEA,FOB
2026-03-19,GENERAL CABLE PERU S A C,GENERAL CABLE PERU S.A.C.,COBRE CERRILLOS S A,COBRE CERRILLOS SA,8544491090,CONDUCTOR,"CONDUCTORES ELECTRICOS, PRYSMIAN GROUP, S/M EN CARRETES / CODIGO: 20486743 - PRODUCTO TERMINADO CONDUCTORES ELECTRICOS PARA LA INDUSTRIA Y MINERIA XTU/EVA 12 AWG 600V AZ I13694471 37% CONDUCTOR DE COBRE, 63% COMPUESTO LIBRE DE HALOGENOS [LSZH] / INFERIOR O IGUAL A 1000V",218.12,218.12,KGS,2151.86,9.8655,0.7655,Chile,Peru,SAN ANTONIO,,peru,imports,SEA,FOB
2026-03-19,GENERAL CABLE PERU S A C,GENERAL CABLE PERU S.A.C.,COBRE CERRILLOS S A COCESA,COBRE CERRILLOS S A COCESA,8544491090,CONDUCTORS CABLE,"CONDUCTORES ELECTRICOS, PRYSMIAN, S/M CODIGO: 20499779 CABLE PORTATIL DE USO MINERO PARA SERVICIO EXTRAPESADO USADO COMO ALIMENTADOR FLEXIBLE EN SHD-GC 3X3/0+2X2+1X4 AWG 15KV SN AM EP4 48% CONDUCTOR DE COBRE AISLACION: GOMA DE ETILENO PROPILENO [EPR].CUBIERTA EXTERNA: COMPUE",4048.95,4048.95,KGS,64753.09,15.9926,111.8361,Chile,Peru,SAN ANTONIO,,peru,imports,SEA,FOB
2026-03-19,GENERAL CABLE PERU S A C,GENERAL CABLE PERU S.A.C.,COBRE CERRILLOS S A,COBRE CERRILLOS SA,8544491090,CONDUCTOR,"CONDUCTORES ELECTRICOS, PRYSMIAN GROUP, S/M EN CARRETES / CODIGO: 20436862 - PRODUCTO TERMINADO CONDUCTORES ELECTRICOS PARA LA INDUSTRIA Y MINERIA SECTORFLEX GREEN 3X120+1G50MMA21KV NE PE* 80% CONDUCTOR DE COBRE, 20% COMPUESTO LIBRE DE HALOGENOS [LSZH] / INFERIOR O IGUAL A 1000V",4390.94,4390.94,KGS,59055.27,13.4493,56.7294,Chile,Peru,SAN ANTONIO,,peru,imports,SEA,FOB
2026-03-19,GENERAL CABLE PERU S A C,GENERAL CABLE PERU S.A.C.,COBRE CERRILLOS S A COCESA,COBRE CERRILLOS S A COCESA,8544491090,-,"CONDUCTORES ELECTRICOS, PRYSMIAN, S/M CODIGO: 20322091 CONDUCTORES ELECTRICOS PARA CIRCUITOS DE ALIMENTACION Y DISTRIBUCION DE SUBESTACIONES, IN EXZHELLENT RZ1-K 240 MM2 0,6/1KV NE 81% CONDUCTOR DE COBRE 19% COMPUESTO LIBRE DE HALOGENOS [LSZH]",1338.7,1338.7,KGS,17166.73,12.8234,31.2122,Chile,Peru,SAN ANTONIO,,peru,imports,SEA,FOB
2026-03-19,HUAWEI DEL PERU SAC,HUAWEI DEL PERU SAC,HUAWEI INTERNATIONAL CO LIMITED,HUAWEI INTERNATIONAL CO LTD,8544491090,-,"CABLE DE PODER, DE COBRE SIN CONECTORES, YOURONG, UL2586 2X12AWG D B[BL,B] CABLE DE PODER, DE COBRE SIN CONECTORES 0006042602008BIRD0032H POWER CABLE,600V,UL2586,2X12AWG,BLACK[2CORES:BLUE,BLACK],D,SHIELDING OUTDOOR CABLE,UL [UNI 25033327",10.27,10.27,KGS,569.95,55.4966,1.8998,China,Peru,MANZANILLO,,peru,imports,SEA,FOB
2026-03-19,GENERAL CABLE PERU S A C,GENERAL CABLE PERU S.A.C.,COBRE CERRILLOS S A,COBRE CERRILLOS SA,8544491090,CONDUCTOR,"CONDUCTORES ELECTRICOS, PRYSMIAN GROUP, S/M EN CARRETES / CODIGO: 20405560 - PRODUCTO TERMINADO CONDUCTORES ELECTRICOS PARA LA INDUSTRIA Y MINERIA XTMU/EVA 4X12 AWG 600V NE I12550969 46% CONDUCTOR DE COBRE, 54% COMPUESTO LIBRE DE HALOGENOS [LSZH] / INFERIOR O IGUAL A 1000V",792.48,792.48,KGS,7568.5,9.5504,2.4831,Chile,Peru,SAN ANTONIO,,peru,imports,SEA,FOB
2026-03-19,GENERAL CABLE PERU S A C,GENERAL CABLE PERU S.A.C.,COBRE CERRILLOS S A,COBRE CERRILLOS SA,8544491090,CONDUCTOR,"CONDUCTORES ELECTRICOS, PRYSMIAN GROUP, S/M EN CARRETES / CODIGO: 20436862 - PRODUCTO TERMINADO CONDUCTORES ELECTRICOS PARA LA INDUSTRIA Y MINERIA SECTORFLEX GREEN 3X120+1G50MMA21KV NE PE* 80% CONDUCTOR DE COBRE, 20% COMPUESTO LIBRE DE HALOGENOS [LSZH] / INFERIOR O IGUAL A 1000V",3960.7,3960.7,KGS,53312.8,13.4604,56.7761,Chile,Peru,SAN ANTONIO,,peru,imports,SEA,FOB
2026-03-19,GENERAL CABLE PERU S A C,GENERAL CABLE PERU S.A.C.,COBRE CERRILLOS S A,COBRE CERRILLOS SA,8544491090,CONDUCTOR,"CONDUCTORES ELECTRICOS, PRYSMIAN GROUP, S/M EN CARRETES / CODIGO: 20322091 - PRODUCTO TERMINADO CONDUCTORES ELECTRICOS PARA CIRCUITOS DE ALIMENTACION Y DISTRIBUCION DE SUBESTACIONES, INS EXZHELLENT RZ1-K 240 MM2 0,6/1KV NE 81% CONDUCTOR DE COBRE, 19% COMPUESTO LIBRE DE HALOGENOS [LSZH] / INFERIOR O IGUAL A 1000V",2434.0,2434.0,KGS,31771.26,13.0531,31.7713,Chile,Peru,SAN ANTONIO,,peru,imports,SEA,FOB
2026-03-19,HUAWEI DEL PERU SAC,HUAWEI DEL PERU SAC,HUAWEI INTERNATIONAL CO LIMITED,HUAWEI INTERNATIONAL CO LTD,8544491090,POWER CABLE,"CABLE DE PODER, DE COBRE SIN CONECTORES, BCC, BCC60227IEC02[RV] 16MM^2 YELLOW/GREEN CABLE DE PODER, DE COBRE SIN CONECTORES 0006042602000GIRD0029H POWER CABLE,450V/750V,60227 IEC 02[RV],16MM^2,YELLOW/GREEN,85A,CCC,CE [UNIT:METER] 25030429",108.4,108.4,KGS,6032.81,55.6532,3.1291,China,Peru,MANZANILLO,,peru,imports,SEA,FOB
2026-03-19,GENERAL CABLE PERU S A C,GENERAL CABLE PERU S.A.C.,COBRE CERRILLOS S A COCESA,COBRE CERRILLOS S A COCESA,8544491090,ELECTRIC CABLE,"CONDUCTORES ELECTRICOS, PRYSMIAN, S/M CODIGO: 20436808 CONDUCTORES ELECTRICOS PARA LA INDUSTRIA Y MINERIA / CABLE - PRODUCTO TERMINADO SECTORFLEX GREEN 3X240+1G70MMA21KV NE PE* CONDUCTOR DE COBRE CON AISLAMIENTO DE LIBRES DE HALOGENOS DE 1KV",2409.98,2409.98,KGS,38266.97,15.8785,91.1118,Chile,Peru,SAN ANTONIO,,peru,imports,SEA,FOB
2026-03-19,HUAWEI DEL PERU SAC,HUAWEI DEL PERU SAC,HUAWEI INTERNATIONAL CO LIMITED,HUAWEI INTERNATIONAL CO LTD,8544491090,-,"CABLE DE PODER, DE COBRE SIN CONECTORES, SHANGSHANG, H07Z-K UL3386 6MM^2 YELLOW/GREEN CABLE DE PODER, DE COBRE SIN CONECTORES 0TH6042602003MIRD0005H POWER CABLE,450V/750V,H07Z-K UL3386,6MM^2,YELLOW/GREEN,58A,LSZH CABLE,VDE,UL [UNIT:METER] 25030699",0.07,0.07,KGS,17.69,252.7143,1.769,China,Peru,"PANAMÃ, CIUDAD DE",,peru,imports,AIR,FOB
2026-03-19,GENERAL CABLE PERU S A C,GENERAL CABLE PERU S.A.C.,COBRE CERRILLOS S A COCESA,COBRE CERRILLOS S A COCESA,8544491090,-,"CONDUCTORES ELECTRICOS, PRYSMIAN, S/M CODIGO: 20321557 CONDUCTORES ELECTRICOS PARA CIRCUITOS DE ALIMENTACION Y DISTRIBUCION DE SUBESTACIONES, IN EXZHELLENT RZ1-K 35MM2 0,6/1KV CARR NE 69% CONDUCTOR DE COBRE 31% COMPUESTO LIBRE DE HALOGENOS [LSZH]",41.6,41.6,KGS,535.02,12.8611,5.3502,Chile,Peru,SAN ANTONIO,,peru,imports,SEA,FOB
2026-03-19,HUAWEI DEL PERU SAC,HUAWEI DEL PERU SAC,HUAWEI INTERNATIONAL CO LIMITED,HUAWEI INTERNATIONAL CO LTD,8544491090,POWER CABLE,"CABLE DE PODER, DE COBRE SIN CONECTORES, YOURONG, UL2586 2X12AWG D B[BL,B] CABLE DE PODER, DE COBRE SIN CONECTORES 0006042601042BIRD0016H POWER CABLE,600V,UL2586,2X12AWG,BLACK[2CORES:BLUE,BLACK],D,SHIELDING OUTDOOR CABLE,UL [UNI 25033327",22.46,22.46,KGS,1282.31,57.0931,1.9429,China,Peru,MANZANILLO,,peru,imports,SEA,FOB
2026-03-19,HUAWEI DEL PERU SAC,HUAWEI DEL PERU SAC,HUAWEI INTERNATIONAL CO LIMITED,HUAWEI INTERNATIONAL CO LTD,8544491090,-,"CABLE DE PODER SIN CONECTORES, SHANGSHANG, 60227IEC53[RVV] 2X1MM^2 BLACK CABLE DE PODER SIN CONECTORES 0Y06042600050RIRD0003K POWER CABLE,300V/500V,60227 IEC 53[RVV],2X1MM^2,BLACK[2CORES:BROWN,BLUE],10A,OUTDOOR CABLE 25030394",0.01,0.01,KGS,3.39,339.0,0.8475,China,Peru,"PANAMÃ, CIUDAD DE",,peru,imports,AIR,FOB
2026-03-19,GENERAL CABLE PERU S A C,GENERAL CABLE PERU S.A.C.,COBRE CERRILLOS S A,COBRE CERRILLOS SA,8544491090,CONDUCTOR,"CONDUCTORES ELECTRICOS, PRYSMIAN GROUP, S/M EN CARRETES / CODIGO: 20436861 - PRODUCTO TERMINADO CONDUCTORES ELECTRICOS PARA LA INDUSTRIA Y MINERIA SECTORFLEX GREEN 3X185+1G50MMA21KV NE PE* 81% CONDUCTOR DE COBRE, 19% COMPUESTO LIBRE DE HALOGENOS [LSZH] / INFERIOR O IGUAL A 1000V",6154.96,6154.96,KGS,82361.77,13.3814,81.1446,Chile,Peru,SAN ANTONIO,,peru,imports,SEA,FOB
2026-03-18,JUAN JOSE ROJAS CALLISAYA,JUAN JOSE ROJAS CALLISAYA,IGLE MAR IMPORT Y EXPORT LIMITADA AMUNATEGUI 12 IQUIQUE CHILE 56 940548719 NESTORQUISPELIMACHI GMAIL COM,"IGLE-MAR IMPORT Y EXPORT LIMITADA, AMUNATEGUI, 12, IQUIQUE, CHILE, (56)940548719,  nestorquispelimachi@gmail.com",8544499000,BATTERY CABLE,CABLE BATERIA,145.12,145.12,,166.83,1.1496,1.1496,Chile,Bolivia,,,bolivia,imports,ROAD,FCA
2026-03-18,JUAN JOSE ROJAS CALLISAYA,JUAN JOSE ROJAS CALLISAYA,IGLE MAR IMPORT Y EXPORT LIMITADA AMUNATEGUI 12 IQUIQUE CHILE 56 940548719 NESTORQUISPELIMACHI GMAIL COM,"IGLE-MAR IMPORT Y EXPORT LIMITADA, AMUNATEGUI, 12, IQUIQUE, CHILE, (56)940548719,  nestorquispelimachi@gmail.com",8544499000,CABLE,CABLE,228.56,228.56,,262.75,1.1496,1.1496,Chile,Bolivia,,,bolivia,imports,ROAD,FCA
2026-03-18,JUAN JOSE ROJAS CALLISAYA,JUAN JOSE ROJAS CALLISAYA,IGLE MAR IMPORT Y EXPORT LIMITADA AMUNATEGUI 12 IQUIQUE CHILE 56 940548719 NESTORQUISPELIMACHI GMAIL COM,"IGLE-MAR IMPORT Y EXPORT LIMITADA, AMUNATEGUI, 12, IQUIQUE, CHILE, (56)940548719,  nestorquispelimachi@gmail.com",8544499000,CABLE,CABLE,185.75,185.75,,213.54,1.1496,1.1496,Chile,Bolivia,,,bolivia,imports,ROAD,FCA
2026-03-18,LUIS DAVID MONTAÑO BALCAZAR,LUIS DAVID MONTAÑO BALCAZAR,TATIANA INVESTMENTS INC 7812 NW 46 STRETT NRO 6587 DORAL 6587 MIAMI FLORIDA ESTADOS UNIDOS 1 305021901906 BOWMAN INVESTMENT COM,"TATIANA INVESTMENTS INC, 7812 NW 46 STRETT NRO 6587 DORAL, 6587, MIAMI -FLORIDA, ESTADOS UNIDOS,  (1)305021901906, bowman@investment.com",8544499000,AUDIO CABLE,CABLE DE AUDIO,0.25,0.25,,1.85,7.4,7.4,,Bolivia,,,bolivia,imports,AIR,FCA
2026-03-18,LUZAM SRL,LUZAM SRL,CHANGZHOU SUPREME POWER MACHINERY CO LTD ROOM 3019 BUILDING 5 GAOLI SOHO WUJI N DISTRICT HUTANG TOWN CHANGZHOU CHINA 86 18961220873 SALES01 SPRM TOP,"CHANGZHOU SUPREME POWER MACHINERY CO., LTD, ROOM 3019, BUILDING 5, GAOLI SOHO, WUJI N  DISTRICT, HUTANG TOWN, CHANGZHOU, CHINA, (86)18961220873, sales01@sprm.top",8544491000,GROUND CABLE,CABLE DE TIERRA,0.54,20.0,,6.6,12.2222,0.33,China,Bolivia,,,bolivia,imports,MULTIMODEL,FOB
2026-03-18,JUAN JOSE ROJAS CALLISAYA,JUAN JOSE ROJAS CALLISAYA,IGLE MAR IMPORT Y EXPORT LIMITADA AMUNATEGUI 12 IQUIQUE CHILE 56 940548719 NESTORQUISPELIMACHI GMAIL COM,"IGLE-MAR IMPORT Y EXPORT LIMITADA, AMUNATEGUI, 12, IQUIQUE, CHILE, (56)940548719,  nestorquispelimachi@gmail.com",8544499000,CABLE,CABLE,145.12,145.12,,166.83,1.1496,1.1496,Chile,Bolivia,,,bolivia,imports,ROAD,FCA
2026-03-18,IMCRUZ COMERCIAL S A,IMCRUZ COMERCIAL S.A.,MARUTI SUZUKI INDIA LTD BLOCK VILL HANSALPUR NEAR BECHARAJI NO 357 AHMEDABAD INDIA 012 42346721 021 42341304 CONTACT MARUTI CO IN,"MARUTI SUZUKI INDIA LTD., BLOCK, VILL. HANSALPUR NEAR BECHARAJI, NO.357, AHMEDABAD, INDIA,  (012)42346721- (021)42341304, contact@maruti.co.in",8544499000,GEAR SHIFT SELECTOR,PIOLA SELECTORA CAMBIOS SZK DZIRE A2N,3.12,3.12,,48.88,15.6667,15.6667,India,Bolivia,,,bolivia,imports,MULTIMODEL,FOB
2026-03-18,JUAN JOSE ROJAS CALLISAYA,JUAN JOSE ROJAS CALLISAYA,IGLE MAR IMPORT Y EXPORT LIMITADA AMUNATEGUI 12 IQUIQUE CHILE 56 940548719 NESTORQUISPELIMACHI GMAIL COM,"IGLE-MAR IMPORT Y EXPORT LIMITADA, AMUNATEGUI, 12, IQUIQUE, CHILE, (56)940548719,  nestorquispelimachi@gmail.com",8544499000,CABLE,CABLE,185.75,185.75,,213.54,1.1496,1.1496,Chile,Bolivia,,,bolivia,imports,ROAD,FCA
2026-03-18,THE TESALIA SPRINGS COMPANY S A,THE TESALIA SPRINGS COMPANY S.A.,KRONES AG,KRONES AG,8544499000,CONDUCTOR WIRE,ALAMBRE CONDUCTOR ALAMBRE CONDUCTOR REPUESTOS KRONES 7182101111,0.0,30.0,KGS,7.5,0.0,0.25,Italy,Ecuador,DUS-DUSSELDORF-DUSSELDORF AIRPORT,,ecuador,imports,AIR,
2026-03-18,CABLES ELECTRICOS ECUATORIANOS C A CABLEC,CABLES ELECTRICOS ECUATORIANOS C.A. CABLEC,COBRE CERRILLOS S A,COBRE CERRILLOS S A,8544491090,COPPER CABLE,CABLES CABLES DE COBRE AISLADOS DE COBRE SIN MARCA SIN MODELO,1796.84,1796.84,KGS,19781.69,11.0092,11.0092,Chile,Ecuador,CLSAI-,,ecuador,imports,SEA,
2026-03-18,CABLES ELECTRICOS ECUATORIANOS C A CABLEC,CABLES ELECTRICOS ECUATORIANOS C.A. CABLEC,PRYSMIAN CABOS E SISTEMAS DO BRASIL SA,PRYSMIAN CABOS E SISTEMAS DO BRASIL SA.,8544491090,COPPER CABLE,CABLES CABLES DE COBRE AISLADOS DE COBRE SIN MARCA SIN MODELO,1296.56,1296.56,KGS,11010.65,8.4922,8.4922,Brazil,Ecuador,BRSSZ-,,ecuador,imports,SEA,
2026-03-18,CABLES ELECTRICOS ECUATORIANOS C A CABLEC,CABLES ELECTRICOS ECUATORIANOS C.A. CABLEC,COBRE CERRILLOS S A,COBRE CERRILLOS S A,8544491090,COPPER CABLE,CABLES CABLES DE COBRE AISLADOS DE COBRE SIN MARCA SIN MODELO,1561.95,1561.95,KGS,19213.26,12.3008,12.3008,Chile,Ecuador,CLSAI-,,ecuador,imports,SEA,
2026-03-18,THE TESALIA SPRINGS COMPANY S A,THE TESALIA SPRINGS COMPANY S.A.,KRONES AG,KRONES AG,8544499000,CONDUCTOR WIRE,ALAMBRE CONDUCTOR ALAMBRE CONDUCTOR REPUESTOS KRONES 7182101118,0.0,15.0,KGS,4.08,0.0,0.272,Italy,Ecuador,DUS-DUSSELDORF-DUSSELDORF AIRPORT,,ecuador,imports,AIR,
2026-03-18,CABLES ELECTRICOS ECUATORIANOS C A CABLEC,CABLES ELECTRICOS ECUATORIANOS C.A. CABLEC,COBRE CERRILLOS S A,COBRE CERRILLOS S A,8544491090,COPPER CABLE,CABLES CABLES DE COBRE AISLADOS DE COBRE SIN MARCA SIN MODELO,1787.2,1787.2,KGS,20250.85,11.331,11.331,Chile,Ecuador,CLSAI-,,ecuador,imports,SEA,
2026-03-18,CABLES ELECTRICOS ECUATORIANOS C A CABLEC,CABLES ELECTRICOS ECUATORIANOS C.A. CABLEC,COBRE CERRILLOS S A,COBRE CERRILLOS S A,8544491090,COPPER CABLE,CABLES CABLES DE COBRE AISLADOS DE COBRE SIN MARCA SIN MODELO,10930.12,10930.12,KGS,137078.55,12.5414,12.5414,Chile,Ecuador,CLSAI-,,ecuador,imports,SEA,
2026-03-18,CABLES ELECTRICOS ECUATORIANOS C A CABLEC,CABLES ELECTRICOS ECUATORIANOS C.A. CABLEC,COBRE CERRILLOS S A,COBRE CERRILLOS S A,8544491090,COPPER CABLE,CABLES CABLES DE COBRE AISLADOS DE COBRE SIN MARCA SIN MODELO,4008.26,4008.26,KGS,55990.37,13.9687,13.9687,Chile,Ecuador,CLSAI-,,ecuador,imports,SEA,
2026-03-18,CABLES ELECTRICOS ECUATORIANOS C A CABLEC,CABLES ELECTRICOS ECUATORIANOS C.A. CABLEC,COBRE CERRILLOS S A,COBRE CERRILLOS S A,8544491090,COPPER CABLE,CABLES CABLES DE COBRE AISLADOS DE COBRE SIN MARCA SIN MODELO,353.98,353.98,KGS,3918.78,11.0706,11.0706,Chile,Ecuador,CLSAI-,,ecuador,imports,SEA,
2026-03-18,ALTERNATIVE REPLACEMENT CAR SOLUTIONS ALTERNACARS S A,ALTERNATIVE REPLACEMENT CAR SOLUTIONS ALTERNACARS S.A.,MCNEILUS TRUCK S MFC CO,MCNEILUS TRUCK S MFC CO,8544499000,POWER CABLE KIT,CABLES DE ENERGÍA KIT CABLES TS18 CABLES DE ENERGÍA DEXI KIT CABLES TS18,2.77,50.0,KGS,244.76,88.361,4.8952,China,Ecuador,HKG-HONG KONG-HONG KONG INTERNATIONAL AIRPORT,,ecuador,imports,AIR,
2026-03-18,CABLES ELECTRICOS ECUATORIANOS C A CABLEC,CABLES ELECTRICOS ECUATORIANOS C.A. CABLEC,COBRE CERRILLOS S A,COBRE CERRILLOS S A,8544491090,COPPER CABLE,CABLES CABLES DE COBRE AISLADOS DE COBRE SIN MARCA SIN MODELO,1849.94,1849.94,KGS,23212.12,12.5475,12.5475,Chile,Ecuador,CLSAI-,,ecuador,imports,SEA,
2026-03-18,CABLES ELECTRICOS ECUATORIANOS C A CABLEC,CABLES ELECTRICOS ECUATORIANOS C.A. CABLEC,PRYSMIAN CABOS E SISTEMAS DO BRASIL SA,PRYSMIAN CABOS E SISTEMAS DO BRASIL SA.,8544491090,COPPER CABLE,CABLES CABLES DE COBRE AISLADOS DE COBRE SIN MARCA SIN MODELO,6760.33,6760.33,KGS,58790.37,8.6964,8.6964,Brazil,Ecuador,BRSSZ-,,ecuador,imports,SEA,
2026-03-18,CABLES ELECTRICOS ECUATORIANOS C A CABLEC,CABLES ELECTRICOS ECUATORIANOS C.A. CABLEC,COBRE CERRILLOS S A,COBRE CERRILLOS S A,8544491090,COPPER CABLE,CABLES CABLES DE COBRE AISLADOS DE COBRE SIN MARCA SIN MODELO,5717.01,5717.01,KGS,59492.65,10.4063,10.4063,Chile,Ecuador,CLSAI-,,ecuador,imports,SEA,
2026-03-18,CABLES ELECTRICOS ECUATORIANOS C A CABLEC,CABLES ELECTRICOS ECUATORIANOS C.A. CABLEC,COBRE CERRILLOS S A,COBRE CERRILLOS S A,8544491090,COPPER CABLE,CABLES CABLES DE COBRE AISLADOS DE COBRE SIN MARCA SIN MODELO,1343.64,1343.64,KGS,16880.74,12.5634,12.5634,Chile,Ecuador,CLSAI-,,ecuador,imports,SEA,
2026-03-18,CABLES ELECTRICOS ECUATORIANOS C A CABLEC,CABLES ELECTRICOS ECUATORIANOS C.A. CABLEC,COBRE CERRILLOS S A,COBRE CERRILLOS S A,8544491090,COPPER CABLE,CABLES CABLES DE COBRE AISLADOS DE COBRE SIN MARCA SIN MODELO,2061.8,2061.8,KGS,12066.85,5.8526,5.8526,Chile,Ecuador,CLSAI-,,ecuador,imports,SEA,
2026-03-18,CABLES ELECTRICOS ECUATORIANOS C A CABLEC,CABLES ELECTRICOS ECUATORIANOS C.A. CABLEC,COBRE CERRILLOS S A,COBRE CERRILLOS S A,8544491090,COPPER CABLE,CABLES CABLES DE COBRE AISLADOS DE COBRE SIN MARCA SIN MODELO,425.95,425.95,KGS,4222.35,9.9128,9.9128,Chile,Ecuador,CLSAI-,,ecuador,imports,SEA,
2026-03-18,CABLES ELECTRICOS ECUATORIANOS C A CABLEC,CABLES ELECTRICOS ECUATORIANOS C.A. CABLEC,COBRE CERRILLOS S A,COBRE CERRILLOS S A,8544491090,COPPER CABLE,CABLES CABLES DE COBRE AISLADOS DE COBRE SIN MARCA SIN MODELO,3655.56,3655.56,KGS,45856.42,12.5443,12.5443,Chile,Ecuador,CLSAI-,,ecuador,imports,SEA,
2026-03-18,CABLES ELECTRICOS ECUATORIANOS C A CABLEC,CABLES ELECTRICOS ECUATORIANOS C.A. CABLEC,COBRE CERRILLOS S A,COBRE CERRILLOS S A,8544491090,COPPER CABLE,CABLES CABLES DE COBRE AISLADOS DE COBRE SIN MARCA SIN MODELO,379.26,379.26,KGS,3761.29,9.9174,9.9174,Chile,Ecuador,CLSAI-,,ecuador,imports,SEA,
2026-03-18,CABLES ELECTRICOS ECUATORIANOS C A CABLEC,CABLES ELECTRICOS ECUATORIANOS C.A. CABLEC,COBRE CERRILLOS S A,COBRE CERRILLOS S A,8544491090,COPPER CABLE,CABLES CABLES DE COBRE AISLADOS DE COBRE SIN MARCA SIN MODELO,3707.3,3707.3,KGS,63170.01,17.0394,17.0394,Chile,Ecuador,CLSAI-,,ecuador,imports,SEA,
2026-03-18,CABLES ELECTRICOS ECUATORIANOS C A CABLEC,CABLES ELECTRICOS ECUATORIANOS C.A. CABLEC,COBRE CERRILLOS S A,COBRE CERRILLOS S A,8544491090,COPPER CABLE,CABLES CABLES DE COBRE AISLADOS DE COBRE SIN MARCA SIN MODELO,763.06,763.06,KGS,9590.38,12.5683,12.5683,Chile,Ecuador,CLSAI-,,ecuador,imports,SEA,
2026-03-18,CABLES ELECTRICOS ECUATORIANOS C A CABLEC,CABLES ELECTRICOS ECUATORIANOS C.A. CABLEC,PRYSMIAN CABOS E SISTEMAS DO BRASIL SA,PRYSMIAN CABOS E SISTEMAS DO BRASIL SA.,8544491090,COPPER CABLE,CABLES CABLES DE COBRE AISLADOS DE COBRE SIN MARCA SIN MODELO,5540.52,5540.52,KGS,54002.67,9.7469,9.7469,Brazil,Ecuador,BRSSZ-,,ecuador,imports,SEA,
2026-03-18,CABLES ELECTRICOS ECUATORIANOS C A CABLEC,CABLES ELECTRICOS ECUATORIANOS C.A. CABLEC,COBRE CERRILLOS S A,COBRE CERRILLOS S A,8544491090,COPPER CABLE,CABLES CABLES DE COBRE AISLADOS DE COBRE SIN MARCA SIN MODELO,176.86,176.86,KGS,2261.92,12.7893,12.7893,Chile,Ecuador,CLSAI-,,ecuador,imports,SEA,
2026-03-18,CABLES ELECTRICOS ECUATORIANOS C A CABLEC,CABLES ELECTRICOS ECUATORIANOS C.A. CABLEC,PRYSMIAN CABOS E SISTEMAS DO BRASIL SA,PRYSMIAN CABOS E SISTEMAS DO BRASIL SA.,8544491090,COPPER CABLE,CABLES CABLES DE COBRE AISLADOS DE COBRE SIN MARCA SIN MODELO,1151.86,1151.86,KGS,7277.06,6.3177,6.3177,Brazil,Ecuador,BRSSZ-,,ecuador,imports,SEA,
2026-03-18,CABLES ELECTRICOS ECUATORIANOS C A CABLEC,CABLES ELECTRICOS ECUATORIANOS C.A. CABLEC,COBRE CERRILLOS S A,COBRE CERRILLOS S A,8544491090,COPPER CABLE,CABLES CABLES DE COBRE AISLADOS DE COBRE SIN MARCA SIN MODELO,3644.48,3644.48,KGS,45707.72,12.5416,12.5416,Chile,Ecuador,CLSAI-,,ecuador,imports,SEA,
2026-03-18,CABLES ELECTRICOS ECUATORIANOS C A CABLEC,CABLES ELECTRICOS ECUATORIANOS C.A. CABLEC,COBRE CERRILLOS S A,COBRE CERRILLOS S A,8544491090,COPPER CABLE,CABLES CABLES DE COBRE AISLADOS DE COBRE SIN MARCA SIN MODELO,990.36,990.36,KGS,13747.64,13.8815,13.8815,Chile,Ecuador,CLSAI-,,ecuador,imports,SEA,
2026-03-18,ALTERNATIVE REPLACEMENT CAR SOLUTIONS ALTERNACARS S A,ALTERNATIVE REPLACEMENT CAR SOLUTIONS ALTERNACARS S.A.,MCNEILUS TRUCK S MFC CO,MCNEILUS TRUCK S MFC CO,8544499000,POWER CABLE,CABLES DE ENERGÍA TS18 POWER CABLE CABLES DE ENERGÍA DEXI TS18 POWER CABLE,3.46,100.0,KGS,305.95,88.4249,3.0595,China,Ecuador,HKG-HONG KONG-HONG KONG INTERNATIONAL AIRPORT,,ecuador,imports,AIR,
2026-03-18,CABLES ELECTRICOS ECUATORIANOS C A CABLEC,CABLES ELECTRICOS ECUATORIANOS C.A. CABLEC,PRYSMIAN CABOS E SISTEMAS DO BRASIL SA,PRYSMIAN CABOS E SISTEMAS DO BRASIL SA.,8544491090,COPPER CABLE,CABLES CABLES DE COBRE AISLADOS DE COBRE SIN MARCA SIN MODELO,2569.82,2569.82,KGS,21115.79,8.2168,8.2168,Brazil,Ecuador,BRSSZ-,,ecuador,imports,SEA,
2026-03-18,VIALSOLUCIONES S A,VIALSOLUCIONES S.A.,CARMANAH TECHNOLOGIES CORP,CARMANAH TECHNOLOGIES CORP,8544499000,CABLE 4C,CABLE 4C CABLE 4C CABLE 4C CARMANAH 90542-16,2.14,8.0,KGS,256.96,120.0748,32.12,Canada,Ecuador,MIA-MIAMI (MIA)-MIAMI INTERNATIONAL AIRPORT,,ecuador,imports,AIR,
2026-03-18,HELUKABEL PERU S A C,HELUKABEL PERU S.A.C.,HELUKABEL GMBH,HELUKABEL GMBH,8544491090,"ELECTRICITY TRANSMISSION COPPER CABLE
CONTROL CABLE","TRANSMISION DE ELECTRICIDAD EN COBRE, HELUKABEL, F-CY-JZ 3G1 MM2 16371 CONTROL TRANSMISION DE ELECTRICIDAD EN COBRE ; CABLE DE CONTROL COM MALHA DE COBRE ESTANHADO; CONT",269.04,269.04,KGS,2796.5,10.3944,0.9021,Germany,Peru,HAMBURG,,peru,imports,SEA,FOB
2026-03-18,HUAWEI DEL PERU SAC,HUAWEI DEL PERU SAC,HUAWEI INTERNATIONAL CO LIMITED,HUAWEI INTERNATIONAL CO LTD,8544491090,POWER CABLE,"CABLE DE PODER, DE COBRE SIN CONECTORES, BCC, BCC60227IEC02[RV] 16MM^2 YELLOW/GREEN CABLE DE PODER, DE COBRE SIN CONECTORES 0TH6042510001IIRD0010H POWER CABLE,450V/750V,60227 IEC 02[RV],16MM^2,YELLOW/GREEN,85A,CCC,CE [UNIT:METER] 25030429",29.08,29.08,KGS,1866.22,64.1754,3.0494,China,Peru,MANZANILLO,,peru,imports,SEA,FOB
2026-03-18,HUAWEI DEL PERU SAC,HUAWEI DEL PERU SAC,HUAWEI INTERNATIONAL CO LIMITED,HUAWEI INTERNATIONAL CO LTD,8544491090,-,"CABLE DE PODER, DE COBRE SIN CONECTORES, ZHONGDE, H07Z-K UL3386 35MM^2 YELLOW/GREEN CABLE DE PODER, DE COBRE SIN CONECTORES 0TH6042601004CIRD0012H POWER CABLE,450V/750V,H07Z-K UL3386,35MM^2,YELLOW/GREEN,171A,LSZH CABLE,VDE,UL [UNIT:METER 25030743",4.68,4.68,KGS,298.01,63.6774,11.9204,China,Peru,MANZANILLO,,peru,imports,SEA,FOB
2026-03-18,COMERCIAL BELLA SUR S A C,COMERCIAL BELLA SUR S.A.C.,GUANGZHOU ULIX INDUSTRIAL AMP TRA,GUANGZHOU ULIX INDUSTRIAL AMP TRA,8544499090,-,"CABLE, ULIX, CA-12H VOLTAJE 300V // AISLAMIENTO : PVC TEMPERATURA : ]70 C // MEDIDA 100YARDAS Y/O 91.44M CABLE DE ALUMINIO CUPRICO ULIX WIRES",3519.0,3519.0,KGS,4700.51,1.3358,3.4563,China,Peru,SHEKOU PT,,peru,imports,SEA,FOB
2026-03-18,SIEMENS S A C,SIEMENS S.A.C.,SIEMENS AG DIGITAL INDUSTRIES,SIEMENS AG (DIGITAL INDUSTRIES),8544491090,-,"SIMATIC, SIEMENS AG, 6XV1870-2E CABLES ETHERNET PARA SENALES DE COMNICACION INDUSTRIAL. USO: INDUSTRIAL INDUSTRIAL ETHERNET FC TP STANDARD CABLE 4X 2, TP INSTALLATION CABLE CAT6A FOR CONNECTION 6XV1870-2E",2.65,2.65,KGS,74.23,28.0113,2.9692,Germany,Peru,NÃRNBERG,,peru,imports,AIR,FOB
2026-03-18,HUAWEI DEL PERU SAC,HUAWEI DEL PERU SAC,HUAWEI INTERNATIONAL CO LIMITED,HUAWEI INTERNATIONAL CO LTD,8544491090,-,"CABLE DE PODER, DE COBRE SIN CONECTORES, ZHONGDE, H07Z-K UL3386 35MM^2 YELLOW/GREEN CABLE DE PODER, DE COBRE SIN CONECTORES 0TH6042601004EIRD0009H POWER CABLE,450V/750V,H07Z-K UL3386,35MM^2,YELLOW/GREEN,171A,LSZH CABLE,VDE,UL [UNIT:METER 25030743",4.68,4.68,KGS,297.23,63.5107,11.8892,China,Peru,MANZANILLO,,peru,imports,SEA,FOB
2026-03-18,HELUKABEL PERU S A C,HELUKABEL PERU S.A.C.,HELUKABEL GMBH,HELUKABEL GMBH,8544491090,ELECTRICITY TRANSMISSION COPPER CABLE,"TRANSMISION DE ELECTRICIDAD EN COBRE, HELUKABEL, F-CY-JZ 3G1 MM2 16371 CONTROL TRANSMISION DE ELECTRICIDAD EN COBRE ; CABLE DE CONTROL COM MALHA DE COBRE ESTANHADO; CONT PAGO A CREDITO 30 DIAS A LA FECHA DE F/C.",260.36,260.36,KGS,2706.29,10.3944,0.9021,Germany,Peru,HAMBURG,,peru,imports,SEA,FOB
2026-03-18,COMERCIAL BELLA SUR S A C,COMERCIAL BELLA SUR S.A.C.,GUANGZHOU ULIX INDUSTRIAL AMP TRA,GUANGZHOU ULIX INDUSTRIAL AMP TRA,8544499090,CABLE,"CABLE, ULIX, CRA-12H VOLTAJE 300V // AISLAMIENTO : PVC TEMPERATURA : ]70 C // LONGITUD 90MT CABLE DE ALUMINIO CUPRICO ULIX LED BULB",4420.8,4420.8,KGS,5543.74,1.254,3.4648,China,Peru,SHEKOU PT,,peru,imports,SEA,FOB
2026-03-18,HUAWEI DEL PERU SAC,HUAWEI DEL PERU SAC,HUAWEI INTERNATIONAL CO LIMITED,HUAWEI INTERNATIONAL CO LTD,8544491090,POWER CABLE,"CABLE DE PODER [DE COBRE SIN CONECTORES], NEXANS, 10265776 CABLE DE PODER [DE COBRE SIN CONECTORES] 0TH6042511010FIRD0005H POWER CABLE,450V/750V,60227 IEC 02[RV],25MM^2,BLUE,112A,CCC,CE [UNIT:METER] 25030101",48.07,48.07,KGS,2752.83,57.2671,5.5057,China,Peru,MANZANILLO,,peru,imports,SEA,FOB
2026-03-18,HUAWEI DEL PERU SAC,HUAWEI DEL PERU SAC,HUAWEI INTERNATIONAL CO LIMITED,HUAWEI INTERNATIONAL CO LTD,8544491090,POWER CABLE,"CABLE DE PODER, DE COBRE SIN CONECTORES, SHANGSHANG, UL 2586-2X5AWG [BLACK, BLUE] CABLE DE PODER, DE COBRE SIN CONECTORES 0TH6042601001DIRD0033H0TH6042601001DIRD0043H0TH6042601001DIRD0062H0TH6042601001DIRD0114H POWER CABLE,600V,UL2586,2X5AWG,BLACK[2CORES:BLUE,BLACK],D,SHIELDING OUTDOOR CABLE,UL [UNIT 25033535",14109.79,14109.79,KGS,405764.33,28.7576,7.6243,China,Peru,MANZANILLO,,peru,imports,SEA,FOB
2026-03-18,HUAWEI DEL PERU SAC,HUAWEI DEL PERU SAC,HUAWEI INTERNATIONAL CO LIMITED,HUAWEI INTERNATIONAL CO LTD,8544491090,POWER CABLE,"CABLE DE PODER, DE COBRE SIN CONECTORES, YOURONG, H07Z-K UL3386 35MM^2 BLUE CABLE DE PODER, DE COBRE SIN CONECTORES 0TH6042409000YIRD0154H POWER CABLE,450V/750V,H07Z-K UL3386,35MM^2,BLUE,171A,LSZH CABLE,VDE,UL [UNIT:METER] 25030741",101.54,101.54,KGS,2911.41,28.6725,7.2785,China,Peru,MANZANILLO,,peru,imports,SEA,FOB
2026-03-18,HELUKABEL PERU S A C,HELUKABEL PERU S.A.C.,HELUKABEL GMBH,HELUKABEL GMBH,8544491090,-,"TRANSMISION DE ELECTRICIDAD EN COBRE, HELUKABEL, JZ-500 3G1 QMM 10061 CONTROL TRANSMISION DE ELECTRICIDAD EN COBRE ; CABLE DE CONTROL SEM MALHA DE COBRE ESTANHADO; CONT",152.84,152.84,KGS,1588.65,10.3942,0.5296,Germany,Peru,HAMBURG,,peru,imports,SEA,FOB
2026-03-18,VOLVO PERU S A,VOLVO PERU S A,VOLVO PARTS CORPORATION,VOLVO PARTS CORPORATION,8544491010,CABLE,"CABLE, VOLVO, S/M PARA USO EN CAMIONES CABLE 84287673",5.18,5.18,KGS,161.97,31.2683,161.97,Czechia,Peru,ANTWERPEN,,peru,imports,SEA,FOB
2026-03-18,HUAWEI DEL PERU SAC,HUAWEI DEL PERU SAC,HUAWEI INTERNATIONAL CO LIMITED,HUAWEI INTERNATIONAL CO LTD,8544491090,POWER CABLE,"CABLE DE PODER, DE COBRE SIN CONECTORES, NEXANS, 10265777 CABLE DE PODER, DE COBRE SIN CONECTORES 0TH6042510000EIRD0016H POWER CABLE,450V/750V,60227 IEC 02[RV],25MM^2,YELLOW/GREEN,112A,CCC,CE [UNIT:METER] 25030431",5.18,5.18,KGS,329.88,63.6834,5.498,China,Peru,MANZANILLO,,peru,imports,SEA,FOB
2026-03-18,HUAWEI DEL PERU SAC,HUAWEI DEL PERU SAC,HUAWEI INTERNATIONAL CO LIMITED,HUAWEI INTERNATIONAL CO LTD,8544491090,-,"CABLE DE PODER, DE COBRE SIN CONECTORES, NEXANS, 10265769 CABLE DE PODER, DE COBRE SIN CONECTORES 0TH6042602000GIRD0006H POWER CABLE,450V/750V,60227 IEC 02[RV],25MM^2,BLACK,112A,CCC,CE [UNIT:METER] 25030432",262.2,262.2,KGS,8224.44,31.367,5.8746,China,Peru,MANZANILLO,,peru,imports,SEA,FOB
2026-03-18,HUAWEI DEL PERU SAC,HUAWEI DEL PERU SAC,HUAWEI INTERNATIONAL CO LIMITED,HUAWEI INTERNATIONAL CO LTD,8544491090,-,"CABLE DE PODER, DE COBRE SIN CONECTORES, NEXANS, 10265777 CABLE DE PODER, DE COBRE SIN CONECTORES 0TH6042602000GIRD0006H POWER CABLE,450V/750V,60227 IEC 02[RV],25MM^2,YELLOW/GREEN,112A,CCC,CE [UNIT:METER] 25030431",82.51,82.51,KGS,2588.14,31.3676,6.1622,China,Peru,MANZANILLO,,peru,imports,SEA,FOB
2026-03-18,HUAWEI DEL PERU SAC,HUAWEI DEL PERU SAC,HUAWEI INTERNATIONAL CO LIMITED,HUAWEI INTERNATIONAL CO LTD,8544491090,POWER CABLE,"CABLE DE PODER, DE COBRE SIN CONECTORES, NEXANS, 10265777 CABLE DE PODER, DE COBRE SIN CONECTORES 0TH6042510000EIRD0011H POWER CABLE,450V/750V,60227 IEC 02[RV],25MM^2,YELLOW/GREEN,112A,CCC,CE [UNIT:METER] 25030431",5.82,5.82,KGS,328.77,56.4897,5.4795,China,Peru,MANZANILLO,,peru,imports,SEA,FOB
2026-03-18,HUAWEI DEL PERU SAC,HUAWEI DEL PERU SAC,HUAWEI INTERNATIONAL CO LIMITED,HUAWEI INTERNATIONAL CO LTD,8544491090,POWER CABLE,"CABLE DE PODER, DE COBRE SIN CONECTORES, ZHONGDE, H07Z-K UL3386 35MM^2 BLACK CABLE DE PODER, DE COBRE SIN CONECTORES 0TH6042601004EIRD0010H POWER CABLE,450V/750V,H07Z-K UL3386,35MM^2,BLACK,171A,LSZH CABLE,VDE,UL [UNIT:METER] 25030742",27.81,27.81,KGS,1766.34,63.5146,11.7756,China,Peru,MANZANILLO,,peru,imports,SEA,FOB
2026-03-18,HUAWEI DEL PERU SAC,HUAWEI DEL PERU SAC,HUAWEI INTERNATIONAL CO LIMITED,HUAWEI INTERNATIONAL CO LTD,8544491090,POWER CABLE,"CABLE DE PODER, DE COBRE SIN CONECTORES, NEXANS, 10265776 CABLE DE PODER, DE COBRE SIN CONECTORES 0TH6042602000GIRD0006H POWER CABLE,450V/750V,60227 IEC 02[RV],25MM^2,BLUE,112A,CCC,CE [UNIT:METER] 25030101",270.74,270.74,KGS,8492.21,31.3667,6.0659,China,Peru,MANZANILLO,,peru,imports,SEA,FOB
2026-03-18,HELUKABEL PERU S A C,HELUKABEL PERU S.A.C.,HELUKABEL GMBH,HELUKABEL GMBH,8544491090,"ELECTRICITY TRANSMISSION COPPER CABLE
CONTROL CABLE COPPER","TRANSMISION DE ELECTRICIDAD EN COBRE, HELUKABEL, JZ-500 4G0,75 MM2 10033 CONTROL TRANSMISION DE ELECTRICIDAD EN COBRE ; CABLE DE CONTROL SEM MALHA DE COBRE ESTANHADO; CONT",158.17,158.17,KGS,1644.09,10.3944,0.548,Germany,Peru,HAMBURG,,peru,imports,SEA,FOB
2026-03-18,HUAWEI DEL PERU SAC,HUAWEI DEL PERU SAC,HUAWEI INTERNATIONAL CO LIMITED,HUAWEI INTERNATIONAL CO LTD,8544491090,POWER CABLE,"CABLE DE PODER [DE COBRE SIN CONECTORES], NEXANS, 10265776 CABLE DE PODER [DE COBRE SIN CONECTORES] 0TH6042602000EIRD0004H POWER CABLE,450V/750V,60227 IEC 02[RV],25MM^2,BLUE,112A,CCC,CE [UNIT:METER] 25030101",9.8,9.8,KGS,562.14,57.3612,5.6214,China,Peru,MANZANILLO,,peru,imports,SEA,FOB
2026-03-18,HUAWEI DEL PERU SAC,HUAWEI DEL PERU SAC,HUAWEI INTERNATIONAL CO LIMITED,HUAWEI INTERNATIONAL CO LTD,8544491090,POWER CABLE,"CABLE DE PODER [DE MATERIAL COBRE, SIN CONECTORES], PANYU, H07Z-K UL3386 25MM^2 BLACK CABLE DE PODER [DE MATERIAL COBRE, SIN CONECTORES] 0TH6042601001DIRD0072H POWER CABLE,450V/750V,H07Z-K UL3386,25MM^2,BLACK,138A,LSZH CABLE,VDE,UL [UNIT:METER] 25030638",1409.02,1409.02,KGS,40520.02,28.7576,5.3598,China,Peru,MANZANILLO,,peru,imports,SEA,FOB
2026-03-18,COMERCIAL BELLA SUR S A C,COMERCIAL BELLA SUR S.A.C.,GUANGZHOU ULIX INDUSTRIAL AMP TRA,GUANGZHOU ULIX INDUSTRIAL AMP TRA,8544499090,ALUMINUM COPPER CABLE,"CABLE, ULIX, CA-14H VOLTAJE:300 V // AISLAMIENTO:PVC // TEMPERATURA:]70? C // LONGITUD:100Y USO:CABLE DE ALUMINIO CUPRICO CABLE DE ALUMINIO CUPRICO ULIX WIRES",1650.0,1650.0,KGS,2103.77,1.275,2.6297,China,Peru,SHEKOU PT,,peru,imports,SEA,FOB
2026-03-18,HELUKABEL PERU S A C,HELUKABEL PERU S.A.C.,HELUKABEL GMBH,HELUKABEL GMBH,8544491090,-,"TRANSMISION DE ELECTRICIDAD EN COBRE, HELUKABEL, JZ-500 25G1,5 QMM 10110 CONTROL TRANSMISION DE ELECTRICIDAD EN COBRE ; CABLE DE CONTROL SEM MALHA DE COBRE ESTANHADO; CONT",284.34,284.34,KGS,2955.57,10.3945,5.9111,Germany,Peru,HAMBURG,,peru,imports,SEA,FOB
2026-03-18,HUAWEI DEL PERU SAC,HUAWEI DEL PERU SAC,HUAWEI INTERNATIONAL CO LIMITED,HUAWEI INTERNATIONAL CO LTD,8544491090,POWER CABLE,"CABLE DE PODER, DE COBRE SIN CONECTORES, NEXANS, 10265769 CABLE DE PODER, DE COBRE SIN CONECTORES 0TH6042510000EIRD0011H POWER CABLE,450V/750V,60227 IEC 02[RV],25MM^2,BLACK,112A,CCC,CE [UNIT:METER] 25030432",33.31,33.31,KGS,1880.56,56.4563,5.2238,China,Peru,MANZANILLO,,peru,imports,SEA,FOB
2026-03-18,HELUKABEL PERU S A C,HELUKABEL PERU S.A.C.,HELUKABEL GMBH,HELUKABEL GMBH,8544491090,"ELECTRICITY TRANSMISSION COPPER CABLE
CONTROL CABLE","TRANSMISION DE ELECTRICIDAD EN COBRE, HELUKABEL, JZ-500 3G1,5 QMM 10091 CONTROL TRANSMISION DE ELECTRICIDAD EN COBRE ; CABLE DE CONTROL SEM MALHA DE COBRE ESTANHADO; CONT",206.73,206.73,KGS,2148.82,10.3943,0.7163,Germany,Peru,HAMBURG,,peru,imports,SEA,FOB
2026-03-18,HELUKABEL PERU S A C,HELUKABEL PERU S.A.C.,HELUKABEL GMBH,HELUKABEL GMBH,8544491090,"ELECTRICITY TRANSMISSION COPPER CABLE
CONTROL CABLE","TRANSMISION DE ELECTRICIDAD EN COBRE, HELUKABEL, JZ-500 5G1,5 MM2 10095 CONTROL TRANSMISION DE ELECTRICIDAD EN COBRE ; CABLE DE CONTROL SEM MALHA DE COBRE ESTANHADO; CONT",220.9,220.9,KGS,2296.16,10.3946,1.1498,Germany,Peru,HAMBURG,,peru,imports,SEA,FOB
2026-03-18,HUAWEI DEL PERU SAC,HUAWEI DEL PERU SAC,HUAWEI INTERNATIONAL CO LIMITED,HUAWEI INTERNATIONAL CO LTD,8544491090,-,"CABLE DE PODER, DE COBRE SIN CONECTORES, ZHONGDE, H07Z-K UL3386 35MM^2 BLACK CABLE DE PODER, DE COBRE SIN CONECTORES 0TH6042601004CIRD0015H POWER CABLE,450V/750V,H07Z-K UL3386,35MM^2,BLACK,171A,LSZH CABLE,VDE,UL [UNIT:METER] 25030742",27.81,27.81,KGS,1770.92,63.6793,11.8061,China,Peru,MANZANILLO,,peru,imports,SEA,FOB
2026-03-18,HUAWEI DEL PERU SAC,HUAWEI DEL PERU SAC,HUAWEI INTERNATIONAL CO LIMITED,HUAWEI INTERNATIONAL CO LTD,8544491090,POWER CABLE,"CABLE DE PODER, DE COBRE SIN CONECTORES, NEXANS, 10265776 CABLE DE PODER, DE COBRE SIN CONECTORES 0TH6042601003WIRD0007H POWER CABLE,450V/750V,60227 IEC 02[RV],25MM^2,BLUE,112A,CCC,CE [UNIT:METER] 25030101",52.02,52.02,KGS,3310.73,63.6434,5.5179,China,Peru,MANZANILLO,,peru,imports,SEA,FOB
2026-03-18,COMERCIAL BELLA SUR S A C,COMERCIAL BELLA SUR S.A.C.,GUANGZHOU ULIX INDUSTRIAL AMP TRA,GUANGZHOU ULIX INDUSTRIAL AMP TRA,8544499090,ALUMINUM COPPER CABLE,"CABLE, ULIX, 2X18AWG VOLTAJE 600V // AISLAMIENTO : PVC TEMPERATURA : ]70 C // LONGITUD 100Y CABLE DE ALUMINIO CUPRICO ULIX WIREX",4845.0,4845.0,KGS,5992.51,1.2368,9.9875,China,Peru,SHEKOU PT,,peru,imports,SEA,FOB
2026-03-18,HELUKABEL PERU S A C,HELUKABEL PERU S.A.C.,HELUKABEL GMBH,HELUKABEL GMBH,8544491090,"COPPER ELECTRICITY TRANSMISSION CABLE
DATA TRANSMISSION CABLE
INSTRUMENTATION CABLE","TRANSMISION DE ELECTRICIDAD EN COBRE, HELUKABEL, S/FTP 4X2XAWG23/1 FNRC VIOLETT 80810 TRANSMISION DE DATOS TRANSMISION DE ELECTRICIDAD EN COBRE ; CABLE DE INSTRUMENTACION; TRANSMISION DE DATOS; 300",133.31,133.31,KGS,1385.71,10.3946,0.6929,Germany,Peru,HAMBURG,,peru,imports,SEA,FOB
2026-03-18,KAMASA KAILI LATAM S A C,KAMASA KAILI LATAM S.A.C.,ZHANGJIAGANG PRIMWELL IMP AND EXP CO LTD,ZHANGJIAGANG PRIMWELL IMP & EXP CO LTD,8544499090,EXTENSION CABLE,"EXTENSION CABLE,KAMASA,KM-1149, DE 50FT USO TALLERES CONDUCION ELECTRICA CON CABLE",1440.0,1440.0,KGS,3317.61,2.3039,2.5919,China,Peru,SHANGHAI HONGQIAO INTERNATIONAL APT,,peru,imports,SEA,FOB
2026-03-18,HUAWEI DEL PERU SAC,HUAWEI DEL PERU SAC,HUAWEI INTERNATIONAL CO LIMITED,HUAWEI INTERNATIONAL CO LTD,8544491090,POWER CABLE,"CABLE DE PODER, DE COBRE SIN CONECTORES, NEXANS, 10265776 CABLE DE PODER, DE COBRE SIN CONECTORES 0TH6042510000EIRD0016H POWER CABLE,450V/750V,60227 IEC 02[RV],25MM^2,BLUE,112A,CCC,CE [UNIT:METER] 25030101",30.62,30.62,KGS,1948.35,63.63,5.4121,China,Peru,MANZANILLO,,peru,imports,SEA,FOB
2026-03-18,HUAWEI DEL PERU SAC,HUAWEI DEL PERU SAC,HUAWEI INTERNATIONAL CO LIMITED,HUAWEI INTERNATIONAL CO LTD,8544491090,-,"CABLE DE PODER, DE COBRE SIN CONECTORES, SHANGSHANG, H07Z-K UL3386 35MM^2 RED CABLE DE PODER, DE COBRE SIN CONECTORES 0TH6042601004EIRD0021H POWER CABLE,450V/750V,H07Z-K UL3386,35MM^2,RED,171A,LSZH CABLE,VDE,UL [UNIT:METER] 25030720",28.22,28.22,KGS,1792.74,63.5273,11.9516,China,Peru,MANZANILLO,,peru,imports,SEA,FOB
2026-03-18,VOLVO PERU S A,VOLVO PERU S A,VOLVO PARTS CORPORATION,VOLVO PARTS CORPORATION,8544499090,ELECTRIC CABLE,"CABLE ELECTRICO, VOLVO, S/M PARA USO EN CAMIONES CABLE ELECTRICO 970587",11.28,11.28,KGS,352.97,31.2917,3.5297,Lithuania,Peru,ANTWERPEN,,peru,imports,SEA,FOB
2026-03-18,MS4M S A C,MS4M S.A.C.,MOUSER ELECTRONICS INC,MOUSER ELECTRONICS INC,8544499090,CABLE FTP CAT 5E,"CABLE FTP CAT 5E W/SHIELD 4 PARES TRENZADOS NEGRO 24 AWG PVC MULTIFILAR, BELDEN INC., 793 CABLE FTP CAT 5E W/SHIELD 4 PARES TRENZADOS NEGRO 24 AWG PVC MULTIFILAR PARA USPO EN EQUIPOS ELECTRONICOS CABLE CAT5E 8COND 24AWG FOOT",4.71,4.71,KGS,1211.05,257.1231,4.6048,Mexico,Peru,MIAMI,,peru,imports,AIR,FOB
2026-03-18,ACME AND CIA S A C,ACME & CIA S.A.C,IFM ELECTRONIC GMBH,IFM ELECTRONIC GMBH,8544499010,-,CABLE PLANO IFM ELECTRONIC E74000 AS-I FLAT CABLE 100 METER E74000 PARA USO INDUSTRIAL,4.2,4.2,KGS,1124.86,267.8238,224.972,Germany,Peru,DÃSSELDORF,,peru,imports,AIR,FOB
2026-03-18,HELUKABEL PERU S A C,HELUKABEL PERU S.A.C.,HELUKABEL GMBH,HELUKABEL GMBH,8544491090,"ELECTRICITY TRANSMISSION COPPER CABLE
CONTROL CABLE","TRANSMISION DE ELECTRICIDAD EN COBRE, HELUKABEL, JZ-500 7G1,5 QMM 10098 CONTROL TRANSMISION DE ELECTRICIDAD EN COBRE ; CABLE DE CONTROL SEM MALHA DE COBRE ESTANHADO; CONT",309.18,309.18,KGS,3213.71,10.3943,1.6069,Germany,Peru,HAMBURG,,peru,imports,SEA,FOB
2026-03-18,HUAWEI DEL PERU SAC,HUAWEI DEL PERU SAC,HUAWEI INTERNATIONAL CO LIMITED,HUAWEI INTERNATIONAL CO LTD,8544491090,POWER CABLE,"CABLE DE PODER, DE COBRE SIN CONECTORES, NEXANS, 10265769 CABLE DE PODER, DE COBRE SIN CONECTORES 0TH6042510000EIRD0016H POWER CABLE,450V/750V,60227 IEC 02[RV],25MM^2,BLACK,112A,CCC,CE [UNIT:METER] 25030432",29.66,29.66,KGS,1886.91,63.618,5.2414,China,Peru,MANZANILLO,,peru,imports,SEA,FOB
2026-03-18,HUAWEI DEL PERU SAC,HUAWEI DEL PERU SAC,HUAWEI INTERNATIONAL CO LIMITED,HUAWEI INTERNATIONAL CO LTD,8544491090,-,"CABLE DE PODER, DE COBRE SIN CONECTORES, BCC, BCC60227IEC02[RV] 16MM^2 YELLOW/GREEN CABLE DE PODER, DE COBRE SIN CONECTORES 0006042501620GIRD0117H POWER CABLE,450V/750V,60227 IEC 02[RV],16MM^2,YELLOW/GREEN,85A,CCC,CE [UNIT:METER] 25030429",78.19,78.19,KGS,4506.19,57.6313,3.0041,China,Peru,MANZANILLO,,peru,imports,SEA,FOB
2026-03-18,HUAWEI DEL PERU SAC,HUAWEI DEL PERU SAC,HUAWEI INTERNATIONAL CO LIMITED,HUAWEI INTERNATIONAL CO LTD,8544491090,-,"CABLE DE PODER, DE COBRE SIN CONECTORES, ZHONGLI, 60227IEC02[RV] 25MM^2 BLUE CABLE DE PODER, DE COBRE SIN CONECTORES 0TH6042601003WIRD0007H POWER CABLE,450V/750V,60227 IEC 02[RV],25MM^2,BLUE,112A,CCC,CE [UNIT:METER] 25030101",17.34,17.34,KGS,1103.58,63.6436,5.5179,China,Peru,MANZANILLO,,peru,imports,SEA,FOB
2026-03-18,HUAWEI DEL PERU SAC,HUAWEI DEL PERU SAC,HUAWEI INTERNATIONAL CO LIMITED,HUAWEI INTERNATIONAL CO LTD,8544491090,-,"CABLE DE PODER, DE COBRE SIN CONECTORES, NEXANS, 10265777 CABLE DE PODER, DE COBRE SIN CONECTORES 0TH6042601003WIRD0007H POWER CABLE,450V/750V,60227 IEC 02[RV],25MM^2,YELLOW/GREEN,112A,CCC,CE [UNIT:METER] 25030431",7.05,7.05,KGS,448.47,63.6128,5.6059,China,Peru,MANZANILLO,,peru,imports,SEA,FOB
2026-03-18,HELUKABEL PERU S A C,HELUKABEL PERU S.A.C.,HELUKABEL GMBH,HELUKABEL GMBH,8544491090,ELECTRICITY TRANSMISSION COPPER CABLE,"TRANSMISION DE ELECTRICIDAD EN COBRE, HELUKABEL, [H]07 V-K RING 1X1,5 MM2 GE 29137 TRANSMISION DE DATOS TRANSMISION DE ELECTRICIDAD EN COBRE ; CABLE DE CONTROL; TRANSMISION DE DATOS; 450/750 V",21.88,21.88,KGS,227.46,10.3958,0.2275,Germany,Peru,HAMBURG,,peru,imports,SEA,FOB
2026-03-18,CICSA PERU S A C,CICSA PERU S.A.C.,CONDUMEX,CONDUMEX S A DE C V,8544491090,-,"CABLE CU COMPRIMIDO, CONDUMEX, S/M B XLP-FR XHHW-2 LS CT SR ROHS FT-204X2.08 MM2 [14 AWG] + 1X2.08 MM2 [14 AWG] ARM AC CUB PV ALIMENTACION DE MAQUINARIA Y EQUIPO INDUSTRIAL CODIGO ITEM NRO: 3211533 / TENSION: 600V CONDUCTORES DE FUERZA FLEXIBLES DE COBRE SUAVE, CON CUBIERTA DE POLIMERO TERMOPLASTICO [PV",500.0,500.0,KGS,6572.5,13.145,6.5725,Mexico,Peru,MANZANILLO,,peru,imports,SEA,FOB
2026-03-18,HUAWEI DEL PERU SAC,HUAWEI DEL PERU SAC,HUAWEI INTERNATIONAL CO LIMITED,HUAWEI INTERNATIONAL CO LTD,8544491090,POWER CABLE,"CABLE DE PODER, DE COBRE SIN CONECTORES, NEXANS, 10265777 CABLE DE PODER, DE COBRE SIN CONECTORES 0TH6042602000EIRD0004H POWER CABLE,450V/750V,60227 IEC 02[RV],25MM^2,YELLOW/GREEN,112A,CCC,CE [UNIT:METER] 25030431",2.99,2.99,KGS,171.4,57.3244,5.7133,China,Peru,MANZANILLO,,peru,imports,SEA,FOB
2026-03-18,HUAWEI DEL PERU SAC,HUAWEI DEL PERU SAC,HUAWEI INTERNATIONAL CO LIMITED,HUAWEI INTERNATIONAL CO LTD,8544491090,POWER CABLE,"CABLE DE PODER [DE COBRE SIN CONECTORES], NEXANS, 10265776 CABLE DE PODER [DE COBRE SIN CONECTORES] 0TH6042510000EIRD0011H POWER CABLE,450V/750V,60227 IEC 02[RV],25MM^2,BLUE,112A,CCC,CE [UNIT:METER] 25030101",15.29,15.29,KGS,863.03,56.4441,5.3939,China,Peru,MANZANILLO,,peru,imports,SEA,FOB
2026-03-18,HELUKABEL PERU S A C,HELUKABEL PERU S.A.C.,HELUKABEL GMBH,HELUKABEL GMBH,8544491090,"ELECTRICITY TRANSMISSION CABLE
DATA TRANSMISSION CABLE
INSTRUMENTATION CABLE","TRANSMISION DE ELECTRICIDAD EN COBRE, HELUKABEL, 2X2XAWG22/7 PVC 800654 TRANSMISION DE DATOS TRANSMISION DE ELECTRICIDAD EN COBRE ; CABLE DE INSTRUMENTACION; TRANSMISION DE DATOS; 300",121.44,121.44,KGS,1262.33,10.3947,1.2855,Germany,Peru,HAMBURG,,peru,imports,SEA,FOB
2026-03-18,HUAWEI DEL PERU SAC,HUAWEI DEL PERU SAC,HUAWEI INTERNATIONAL CO LIMITED,HUAWEI INTERNATIONAL CO LTD,8544491090,POWER CABLE,"CABLE DE PODER, DE COBRE SIN CONECTORES, SHANGSHANG, H07Z-K UL3386 35MM^2 RED CABLE DE PODER, DE COBRE SIN CONECTORES 0TH6042601004CIRD0013H POWER CABLE,450V/750V,H07Z-K UL3386,35MM^2,RED,171A,LSZH CABLE,VDE,UL [UNIT:METER] 25030720",28.23,28.23,KGS,1797.39,63.6695,11.9826,China,Peru,MANZANILLO,,peru,imports,SEA,FOB
2026-03-18,HUAWEI DEL PERU SAC,HUAWEI DEL PERU SAC,HUAWEI INTERNATIONAL CO LIMITED,HUAWEI INTERNATIONAL CO LTD,8544491090,-,"CABLE DE PODER [DE COBRE SIN CONECTORES], ZHONGLI, 60227IEC02[RV] 25MM^2 BLUE CABLE DE PODER [DE COBRE SIN CONECTORES] 0TH6042510000EIRD0011H POWER CABLE,450V/750V,60227 IEC 02[RV],25MM^2,BLUE,112A,CCC,CE [UNIT:METER] 25030101",19.11,19.11,KGS,1078.78,56.4511,5.3939,China,Peru,MANZANILLO,,peru,imports,SEA,FOB
2026-03-18,HUAWEI DEL PERU SAC,HUAWEI DEL PERU SAC,HUAWEI INTERNATIONAL CO LIMITED,HUAWEI INTERNATIONAL CO LTD,8544491090,POWER CABLE,"CABLE DE PODER, DE COBRE SIN CONECTORES, NEXANS, 10265769 CABLE DE PODER, DE COBRE SIN CONECTORES 0TH6042511010FIRD0005H POWER CABLE,450V/750V,60227 IEC 02[RV],25MM^2,BLACK,112A,CCC,CE [UNIT:METER] 25030432",46.56,46.56,KGS,2666.03,57.2601,5.3321,China,Peru,MANZANILLO,,peru,imports,SEA,FOB
2026-03-18,HELUKABEL PERU S A C,HELUKABEL PERU S.A.C.,HELUKABEL GMBH,HELUKABEL GMBH,8544491090,-,"TRANSMISION DE ELECTRICIDAD EN COBRE, HELUKABEL, H05 V-K RING 1X0,75 MM2 SW TRANSMISION DE DATOS; 450/750 V // 29097 TRANSMISION DE DATOS TRANSMISION DE ELECTRICIDAD EN COBRE ; CABLE DE CONTROL SEM MALHA DE COBRE ESTANHADO COM A",11.76,11.76,KGS,122.23,10.3937,0.1222,Germany,Peru,HAMBURG,,peru,imports,SEA,FOB
2026-03-18,HUAWEI DEL PERU SAC,HUAWEI DEL PERU SAC,HUAWEI INTERNATIONAL CO LIMITED,HUAWEI INTERNATIONAL CO LTD,8544491090,-,"CABLE DE PODER, DE COBRE SIN CONECTORES, YOURONG, UL2586 2X12AWG D B[BL,B] CABLE DE PODER, DE COBRE SIN CONECTORES 0006042601042BIRD0002H POWER CABLE,600V,UL2586,2X12AWG,BLACK[2CORES:BLUE,BLACK],D,SHIELDING OUTDOOR CABLE,UL [UNI 25033327",73.52,73.52,KGS,4277.73,58.1846,1.9269,China,Peru,MANZANILLO,,peru,imports,SEA,FOB
2026-03-18,HELUKABEL PERU S A C,HELUKABEL PERU S.A.C.,HELUKABEL GMBH,HELUKABEL GMBH,8544491090,"ELECTRICITY TRANSMISSION COPPER CABLE
CONTROL CABLE","TRANSMISION DE ELECTRICIDAD EN COBRE, HELUKABEL, F-CY-JZ 4G0,75 MM2 16346 CONTROL TRANSMISION DE ELECTRICIDAD EN COBRE ; CABLE DE CONTROL COM MALHA DE COBRE ESTANHADO; CONT",181.42,181.42,KGS,1885.74,10.3943,0.9429,Turkey,Peru,HAMBURG,,peru,imports,SEA,FOB
2026-03-18,SIEMENS S A C,SIEMENS S.A.C.,SIEMENS AG DIGITAL INDUSTRIES,SIEMENS AG (DIGITAL INDUSTRIES),8544491010,ETHERNET CABLE,"CABLE DE CONEXION ETHERNET, SIEMENS, 6XV1871-2S CONECTAR FISICAMENTE NODOS EN REDES ETHERNET USO: INDUSTRIAL INDUSTRIAL ETHERNET FC TP FESTOON CABLE 2X2 [PROFINET TYPE B], TP INSTALLATION CABLE FOR F 6XV1871-2S",1.92,1.92,KGS,117.72,61.3125,3.924,Germany,Peru,NÃRNBERG,,peru,imports,AIR,FOB
2026-03-18,HELUKABEL PERU S A C,HELUKABEL PERU S.A.C.,HELUKABEL GMBH,HELUKABEL GMBH,8544491090,-,"TRANSMISION DE ELECTRICIDAD EN COBRE, HELUKABEL, H07 V-K RING 1X4 MM2 SW TRANSMISION DE DATOS; 450/750 V // 29161 TRANSMISION DE DATOS TRANSMISION DE ELECTRICIDAD EN COBRE ; CABLE DE CONTROL SEM MALHA DE COBRE ESTANHADO COM A",53.17,53.17,KGS,552.7,10.395,0.5527,Germany,Peru,HAMBURG,,peru,imports,SEA,FOB
2026-03-18,HUAWEI DEL PERU SAC,HUAWEI DEL PERU SAC,HUAWEI INTERNATIONAL CO LIMITED,HUAWEI INTERNATIONAL CO LTD,8544491090,-,"CABLE DE PODER, DE COBRE SIN CONECTORES, NEXANS, 10265769 CABLE DE PODER, DE COBRE SIN CONECTORES 0TH6042601003WIRD0007H POWER CABLE,450V/750V,60227 IEC 02[RV],25MM^2,BLACK,112A,CCC,CE [UNIT:METER] 25030432",67.17,67.17,KGS,4275.11,63.6461,5.3439,China,Peru,MANZANILLO,,peru,imports,SEA,FOB
2026-03-18,HUAWEI DEL PERU SAC,HUAWEI DEL PERU SAC,HUAWEI INTERNATIONAL CO LIMITED,HUAWEI INTERNATIONAL CO LTD,8544491090,POWER CABLE,"CABLE DE PODER, DE COBRE SIN CONECTORES, NEXANS, 10265777 CABLE DE PODER, DE COBRE SIN CONECTORES 0TH6042511010FIRD0005H POWER CABLE,450V/750V,60227 IEC 02[RV],25MM^2,YELLOW/GREEN,112A,CCC,CE [UNIT:METER] 25030431",14.65,14.65,KGS,838.98,57.2683,5.5932,China,Peru,MANZANILLO,,peru,imports,SEA,FOB
2026-03-18,VOLVO PERU S A,VOLVO PERU S A,VOLVO CONSTRUCTION EQUIPMENT AB,VOLVO CONSTRUCTION EQUIPMENT AB,8544491010,ELECTRIC CABLE,"CABLE ELECTRICO, VOLVO, S/M PARA USO EN CAMIONES CABLE ELECTRICO 970628",21.13,21.13,KGS,375.11,17.7525,3.7511,Lithuania,Peru,ANTWERPEN,,peru,imports,SEA,FOB
2026-03-18,CICSA PERU S A C,CICSA PERU S.A.C.,CONDUMEX,CONDUMEX S A DE C V,8544491090,COPPER COMPRESSED CABLE,"CABLE CU COMPRIMIDO, CONDUMEX, S/M B XLP-FR, XHHW-2 LS CT SR ROHS FT-204X3.31 MM2 [12 AWG] + 1X3.31 MM2 [12 AWG] ARM AC CUB P ALIMENTACION DE MAQUINARIA Y EQUIPO INDUSTRIAL CODIGO ITEM NRO: 3211534 / TENSION: 600V CONDUCTORES DE FUERZA FLEXIBLES DE COBRE SUAVE, CON CUBIERTA DE POLIMERO TERMOPLASTICO [PV",291.49,291.49,KGS,3444.88,11.8182,7.1028,Mexico,Peru,MANZANILLO,,peru,imports,SEA,FOB
2026-03-18,HELUKABEL PERU S A C,HELUKABEL PERU S.A.C.,HELUKABEL GMBH,HELUKABEL GMBH,8544491090,ELECTRICITY TRANSMISSION COPPER CABLE,"TRANSMISION DE ELECTRICIDAD EN COBRE, HELUKABEL, H07V-K COIL-C 1X1,5QMM BK TRANSMISION DE DATOS; 450/750 V // 29129 TRANSMISION DE DATOS TRANSMISION DE ELECTRICIDAD EN COBRE ; CABLE DE CONTROL SEM MALHA DE COBRE ESTANHADO COM A",20.65,20.65,KGS,214.67,10.3956,0.2147,Germany,Peru,HAMBURG,,peru,imports,SEA,FOB
2026-03-18,HUAWEI DEL PERU SAC,HUAWEI DEL PERU SAC,HUAWEI INTERNATIONAL CO LIMITED,HUAWEI INTERNATIONAL CO LTD,8544491090,POWER CABLE,"CABLE DE PODER, DE COBRE SIN CONECTORES, PANYU, 60227IEC02[RV] 6MM^2 YELLOW/GREEN CABLE DE PODER, DE COBRE SIN CONECTORES 0TH6042510001IIRD0010H POWER CABLE,450V/750V,60227 IEC 02[RV],6MM^2,YELLOW/GREEN,46A,CCC,CE [UNIT:METER] 25030191",0.6,0.6,KGS,38.75,64.5833,1.1397,China,Peru,MANZANILLO,,peru,imports,SEA,FOB
2026-03-18,HUAWEI DEL PERU SAC,HUAWEI DEL PERU SAC,HUAWEI INTERNATIONAL CO LIMITED,HUAWEI INTERNATIONAL CO LTD,8544491090,POWER CABLE,"CABLE DE PODER, DE COBRE SIN CONECTORES, NEXANS, 10265769 CABLE DE PODER, DE COBRE SIN CONECTORES 0TH6042602000EIRD0004H POWER CABLE,450V/750V,60227 IEC 02[RV],25MM^2,BLACK,112A,CCC,CE [UNIT:METER] 25030432",47.47,47.47,KGS,2723.84,57.3802,5.4477,China,Peru,MANZANILLO,,peru,imports,SEA,FOB
2026-03-18,HELUKABEL PERU S A C,HELUKABEL PERU S.A.C.,HELUKABEL GMBH,HELUKABEL GMBH,8544491090,"ELECTRICITY TRANSMISSION COPPER CABLE
DATA TRANSMISSION CABLE","TRANSMISION DE ELECTRICIDAD EN COBRE, HELUKABEL, H07Z-K 1,5 MM2 SW TRANSMISION DE DATOS; 450/750 V // 51768 TRANSMISION DE DATOS TRANSMISION DE ELECTRICIDAD EN COBRE ; CABLE DE CONTROL SEM MALHA DE COBRE ESTANHADO COM A",24.82,24.82,KGS,257.97,10.3936,0.258,Germany,Peru,HAMBURG,,peru,imports,SEA,FOB
